customerID,actual_churn,churn_probability,risk_score,risk_level,predicted_churn
5178-LMXOP,1,0.8539980067307115,85.39980067307114,Critical,1
6861-XWTWQ,1,0.8324493617575031,83.24493617575031,Critical,1
0295-PPHDO,1,0.828669765778144,82.8669765778144,Critical,1
2545-EBUPK,0,0.8241458944653709,82.4145894465371,Critical,1
6630-UJZMY,0,0.8238556265976003,82.38556265976003,Critical,1
1069-XAIEM,1,0.8184474872269022,81.84474872269021,Critical,1
8161-QYMTT,0,0.8178075237948811,81.7807523794881,Critical,1
6023-YEBUP,1,0.8100344506778075,81.00344506778076,Critical,1
4750-ZRXIU,1,0.8094738377707162,80.94738377707162,Critical,1
1400-MMYXY,1,0.8083067331862243,80.83067331862243,Critical,1
8884-ADFVN,1,0.8074363753491188,80.74363753491188,Critical,1
3722-WPXTK,1,0.8068683319357274,80.68683319357274,Critical,1
2865-TCHJW,1,0.8055772475928796,80.55772475928796,Critical,1
9057-SIHCH,1,0.8053983257902048,80.53983257902047,Critical,1
0970-ETWGE,1,0.7942459358166323,79.42459358166323,Critical,1
3320-VEOYC,0,0.7895917837361013,78.95917837361013,Critical,1
8593-WHYHV,1,0.7870512368674039,78.7051236867404,Critical,1
4115-NZRKS,0,0.7865724992084048,78.65724992084047,Critical,1
8739-XNIKG,0,0.7862913053638775,78.62913053638775,Critical,1
1143-NMNQJ,1,0.7834516369377026,78.34516369377026,Critical,1
9611-CTWIH,1,0.7800620483170626,78.00620483170626,Critical,1
2034-GDRCN,1,0.775177549995954,77.5177549995954,Critical,1
4927-WWOOZ,0,0.7744986889640298,77.44986889640299,Critical,1
4713-LZDRV,1,0.7732979039996738,77.32979039996738,Critical,1
8245-UMPYT,1,0.7717062889553569,77.17062889553569,Critical,1
9248-OJYKK,1,0.7715852177343161,77.15852177343162,Critical,1
6969-MVBAI,0,0.7714781363411174,77.14781363411174,Critical,1
4587-VVTOX,1,0.7692559800882899,76.92559800882898,Critical,1
9221-OTIVJ,1,0.7657480374231184,76.57480374231184,Critical,1
6230-BSUXY,1,0.7647859928829075,76.47859928829075,Critical,1
4415-IJZTP,1,0.7643214559293596,76.43214559293597,Critical,1
0655-RBDUG,1,0.7581669049610048,75.81669049610048,Critical,1
2514-GINMM,1,0.7565682675522305,75.65682675522305,Critical,1
9334-GWGOW,0,0.755982299402477,75.59822994024769,Critical,1
8258-GSTJK,1,0.7532385798156619,75.32385798156619,Critical,1
2077-MPJQO,0,0.7514739037975551,75.1473903797555,Critical,1
8083-YTZES,1,0.7502277692575471,75.02277692575471,Critical,1
2985-FMWYF,0,0.7477249234771846,74.77249234771845,High,1
7817-BOQPW,1,0.746003985275236,74.60039852752361,High,1
7249-WBIYX,1,0.745763512052976,74.5763512052976,High,1
4090-KPJIP,0,0.745715472569642,74.5715472569642,High,1
7181-BQYBV,1,0.744911008872706,74.4911008872706,High,1
2202-CUYXZ,1,0.7437703351447346,74.37703351447345,High,1
3519-ZKXGG,1,0.7405859049383395,74.05859049383395,High,1
7209-JCUDS,1,0.7403696583984107,74.03696583984107,High,1
1320-HTRDR,1,0.7391552051291389,73.91552051291389,High,1
8752-STIVR,1,0.739093700806068,73.90937008060679,High,1
6328-ZPBGN,1,0.7374132197515219,73.74132197515219,High,1
8375-DKEBR,1,0.737040543781354,73.7040543781354,High,1
6979-ZNSFF,1,0.7364660326571363,73.64660326571362,High,1
5698-BQJOH,1,0.7352484354949711,73.5248435494971,High,1
8541-QVFKM,0,0.7337324174113363,73.37324174113363,High,1
4806-KEXQR,1,0.7334739824641159,73.34739824641159,High,1
5382-SOYZL,0,0.7334113484700301,73.341134847003,High,1
8775-ERLNB,0,0.7330514778624108,73.30514778624108,High,1
9878-TNQGW,1,0.7329938651825249,73.29938651825249,High,1
4229-CZMLL,1,0.7329068509412294,73.29068509412295,High,1
7130-VTEWQ,1,0.7318004644431089,73.18004644431089,High,1
2609-IAICY,1,0.7314303734276869,73.1430373427687,High,1
2495-INZWQ,1,0.7313031374273358,73.13031374273358,High,1
8443-ZRDBZ,1,0.7312395867377721,73.12395867377721,High,1
2959-MJHIC,1,0.7307123165984855,73.07123165984855,High,1
8622-ZLFKO,0,0.7303707234757647,73.03707234757647,High,1
3006-XIMLN,1,0.7303194237757767,73.03194237757768,High,1
7180-PISOG,1,0.7301916998820768,73.01916998820768,High,1
3750-CKVKH,1,0.7291347999339491,72.91347999339492,High,1
7218-HKQFK,1,0.7280655977316419,72.8065597731642,High,1
7235-NXZCP,1,0.7269386819239397,72.69386819239398,High,1
2027-FECZV,1,0.7262754021937056,72.62754021937056,High,1
6892-XPFPU,1,0.7249068343550183,72.49068343550184,High,1
8361-LTMKD,1,0.7236503649160783,72.36503649160782,High,1
4735-ASGMA,1,0.7229209774447142,72.29209774447142,High,1
3338-CVVEH,0,0.722444544440446,72.2444544440446,High,1
3716-BDVDB,1,0.7194590299239633,71.94590299239633,High,1
3030-YDNRM,0,0.7176730180094347,71.76730180094347,High,1
4342-HENTK,1,0.7164085170420588,71.64085170420587,High,1
1628-BIZYP,0,0.7152633688239907,71.52633688239906,High,1
5052-PNLOS,1,0.7151849466629936,71.51849466629936,High,1
1820-TQVEV,1,0.7134350155882622,71.34350155882622,High,1
3707-GNWHM,1,0.71205570078923,71.205570078923,High,1
2845-HSJCY,1,0.7117568926299375,71.17568926299374,High,1
5357-TZHPP,1,0.7112667909254755,71.12667909254755,High,1
9804-ICWBG,1,0.7086965576495621,70.8696557649562,High,1
5542-TBBWB,0,0.7086965576495621,70.8696557649562,High,1
3199-XGZCY,0,0.7076167697065643,70.76167697065642,High,1
9685-WKZGT,1,0.7051800588482378,70.51800588482378,High,1
7363-QTBIW,0,0.704361500019357,70.4361500019357,High,1
8699-ASUFO,1,0.7026616880337193,70.26616880337193,High,1
6857-VWJDT,1,0.702182312654053,70.2182312654053,High,1
7354-OIJLX,0,0.7010767343239072,70.10767343239071,High,1
0679-IDSTG,1,0.7003692395620233,70.03692395620233,High,1
4445-ZJNMU,0,0.69910707182804,69.910707182804,High,1
0841-NULXI,1,0.6990149708103458,69.90149708103458,High,1
3244-DCJWY,1,0.6989434809622762,69.89434809622762,High,1
2761-OCIAX,1,0.6977096982452049,69.77096982452049,High,1
9717-QEBGU,0,0.6960321678547882,69.60321678547882,High,1
2485-ITVKB,1,0.6954353857791735,69.54353857791735,High,1
7029-RPUAV,1,0.6953456199920002,69.53456199920002,High,1
7273-TEFQD,1,0.6943767738435898,69.43767738435898,High,1
4631-OACRM,1,0.6941837799417713,69.41837799417712,High,1
5376-DEQCP,1,0.6940681540984549,69.40681540984549,High,1
7005-CCBKV,1,0.6933129573866227,69.33129573866226,High,1
1731-TVIUK,1,0.6930238631419091,69.30238631419091,High,1
1980-KXVPM,1,0.6929739535290121,69.29739535290122,High,1
6507-ZJSUR,0,0.6916730768542151,69.1673076854215,High,1
6372-RFVNS,1,0.6915882998849392,69.15882998849392,High,1
5628-FCGYG,0,0.6915662819674485,69.15662819674485,High,1
1016-DJTSV,0,0.6910323515588768,69.10323515588767,High,1
0004-TLHLJ,1,0.6907136756509511,69.07136756509512,High,1
6856-RAURS,0,0.6902793064526805,69.02793064526806,High,1
3292-PBZEJ,0,0.6897138902746479,68.9713890274648,High,1
4706-AXVKM,1,0.6877709815291013,68.77709815291013,High,1
6000-APYLU,1,0.6871386400888373,68.71386400888373,High,1
6077-BDPXA,0,0.6844925786297812,68.44925786297811,High,1
6376-GAHQE,1,0.6834737510906612,68.34737510906612,High,1
1768-ZAIFU,1,0.6829662848056266,68.29662848056266,High,1
2754-SDJRD,0,0.6822806107050157,68.22806107050157,High,1
3721-CNEYS,1,0.6814013887641446,68.14013887641445,High,1
7198-GLXTC,1,0.6813765839012758,68.13765839012757,High,1
6543-XRMYR,1,0.6809572177897981,68.09572177897981,High,1
9507-EXLTT,1,0.6806511835029345,68.06511835029345,High,1
6047-YHPVI,1,0.6798933493164171,67.98933493164171,High,1
9279-CJEOJ,0,0.6785741418251912,67.85741418251912,High,1
5419-CONWX,1,0.6782407545053072,67.82407545053071,High,1
5167-ZFFMM,1,0.6765693504505903,67.65693504505903,High,1
2439-LYPMQ,0,0.6762055376440651,67.62055376440651,High,1
2665-NPTGL,0,0.6754268622420722,67.54268622420722,High,1
5159-YFPKQ,1,0.6746761542652067,67.46761542652067,High,1
8873-GLDMH,0,0.6740346532824829,67.40346532824829,High,1
7409-KIUTL,1,0.6709000632945522,67.09000632945522,High,1
2254-DLXRI,0,0.6696973407724734,66.96973407724734,High,1
0871-URUWO,1,0.6693995964021293,66.93995964021293,High,1
2867-UIMSS,1,0.6680310015079386,66.80310015079385,High,1
8397-MVTAZ,1,0.6657650911766486,66.57650911766486,High,1
0390-DCFDQ,1,0.6648040681713946,66.48040681713945,High,1
4283-FUTGF,1,0.663266378974503,66.3266378974503,High,1
1853-UDXBW,1,0.6632523958047147,66.32523958047148,High,1
5186-SAMNZ,1,0.6628749146097127,66.28749146097127,High,1
1024-GUALD,1,0.661444069641302,66.1444069641302,High,1
7861-UVUFT,1,0.6613019146204218,66.13019146204218,High,1
1867-BDVFH,1,0.6612726815717539,66.1272681571754,High,1
3677-IYRBF,1,0.6611348503684895,66.11348503684896,High,1
2057-ZBLPD,1,0.6602638614557882,66.02638614557883,High,1
2025-JKFWI,1,0.657943265592088,65.7943265592088,High,1
4301-VVZKA,0,0.6572652377768771,65.7265237776877,High,1
8739-WWKDU,1,0.6563039992623526,65.63039992623526,High,1
5228-EXCET,1,0.6562787509596273,65.62787509596274,High,1
2737-YNGYW,1,0.6560172381920003,65.60172381920003,High,1
1475-VWVDO,0,0.6528830081841085,65.28830081841085,High,1
5196-SGOAK,1,0.6527573858757539,65.27573858757539,High,1
4873-ILOLJ,1,0.6514352255743978,65.14352255743978,High,1
3422-LYEPQ,1,0.6483797053664302,64.83797053664301,High,1
6712-OAWRH,1,0.6480650194338937,64.80650194338938,High,1
9741-YLNTD,0,0.6472666083739752,64.72666083739752,High,1
6899-PPEEA,1,0.6464450457785319,64.64450457785318,High,1
3877-JRJIP,1,0.6458049824841594,64.58049824841594,High,1
3585-ISXZP,1,0.6426196111788172,64.26196111788171,High,1
2754-XBHTB,1,0.6422969633555747,64.22969633555748,High,1
0235-KGSLC,1,0.641977150520897,64.1977150520897,High,1
4817-VYYWS,1,0.6419236816227484,64.19236816227483,High,1
2482-CZGBB,1,0.640170901152327,64.0170901152327,High,1
3908-BLSYF,1,0.6401573018259882,64.01573018259882,High,1
1112-CUNAO,1,0.6375761549370805,63.75761549370805,High,1
8266-VBFQL,0,0.6372788817260199,63.727888172601986,High,1
9054-FOWNV,0,0.6370156186634607,63.70156186634607,High,1
8821-XNHVZ,1,0.6359908939004094,63.599089390040945,High,1
7912-SYRQT,1,0.635480283601379,63.5480283601379,High,1
1751-NCDLI,0,0.6350612650954686,63.50612650954686,High,1
0685-MLYYM,1,0.6348273125356724,63.48273125356724,High,1
8380-PEFPE,1,0.6335817501839883,63.35817501839883,High,1
0923-PNFUB,1,0.6326382058321226,63.26382058321226,High,1
0576-WNXXC,1,0.6289252838025104,62.89252838025104,High,1
1448-PWKYE,1,0.6289211487734355,62.89211487734355,High,1
4983-CCWMC,0,0.6286928361064411,62.86928361064411,High,1
6319-IEJWJ,1,0.6283747782589694,62.83747782589694,High,1
6137-NICCO,0,0.6283468658472778,62.834686584727784,High,1
0432-CAJZV,0,0.6282568563550704,62.82568563550704,High,1
8709-KRDVL,0,0.6279751620079402,62.79751620079402,High,1
4412-YLTKF,1,0.6267168664859001,62.67168664859001,High,1
1379-FRVEB,0,0.6250180936850838,62.501809368508376,High,1
3672-YITQD,1,0.6239229994366066,62.39229994366065,High,1
0581-BXBUB,0,0.6234448714927653,62.34448714927653,High,1
8650-RHRKE,1,0.6225736781488003,62.25736781488003,High,1
6705-LXORM,0,0.6223464887565511,62.23464887565511,High,1
0023-XUOPT,1,0.6213263659727806,62.13263659727806,High,1
0524-IAVZO,1,0.6210849433652736,62.108494336527365,High,1
1302-UHBDD,0,0.6199379238031305,61.99379238031305,High,1
9840-DVNDC,1,0.6197813952290304,61.97813952290304,High,1
4029-HPFVY,0,0.6185969210605198,61.85969210605198,High,1
1658-TJVOA,0,0.6144101456724658,61.441014567246576,High,1
3365-SAIGS,0,0.613140305671278,61.314030567127794,High,1
5339-PXDVH,0,0.6119681083004453,61.196810830044534,High,1
2860-RANUS,1,0.6119031400299066,61.19031400299066,High,1
0388-EOPEX,1,0.6117499516826619,61.174995168266186,High,1
0616-ATFGB,1,0.6111728658679038,61.11728658679038,High,1
7495-OOKFY,1,0.6092507998510476,60.92507998510476,High,1
7534-BFESC,1,0.6078487443787235,60.78487443787235,High,1
9576-ANLXO,1,0.6074173321485773,60.74173321485773,High,1
5442-BHQNG,0,0.6058635958033892,60.58635958033892,High,1
6338-AVWCY,1,0.6054106389192464,60.54106389192464,High,1
9940-RHLFB,1,0.604311416811623,60.4311416811623,High,1
3858-VOBET,1,0.603751305532065,60.3751305532065,High,1
4686-UXDML,0,0.6035103112707462,60.35103112707462,High,1
4547-LYTDD,1,0.6031959014991466,60.31959014991466,High,1
0258-NOKBL,0,0.6031264626048856,60.312646260488556,High,1
5380-WJKOV,1,0.602630960367931,60.263096036793094,High,1
8676-TRMJS,1,0.6020135796412045,60.20135796412045,High,1
7928-VJYAB,0,0.601813810793988,60.1813810793988,High,1
4919-IKATY,1,0.5995580717918402,59.95580717918402,High,1
8621-MNIHH,1,0.5983788158654695,59.83788158654695,High,1
2325-NBPZG,0,0.5973039679986036,59.730396799860365,High,1
7278-CKDNC,0,0.5963639646124355,59.63639646124355,High,1
1989-PRJHP,1,0.5954824069944871,59.548240699448705,High,1
2187-PKZAY,0,0.5946251955801302,59.462519558013014,High,1
6175-IRFIT,0,0.5938068412654854,59.380684126548545,High,1
0506-LVNGN,1,0.5911701655595581,59.117016555955814,High,1
0330-IVZHA,1,0.5908710726700004,59.087107267000036,High,1
8132-YPVBX,0,0.5908548255462517,59.085482554625166,High,1
9050-QLROH,1,0.5905937355702863,59.05937355702863,High,1
9167-APMXZ,0,0.5896649722583377,58.96649722583377,High,1
8818-DOPVL,0,0.5895330574590903,58.953305745909034,High,1
6680-WKXRZ,1,0.5885624708159127,58.85624708159127,High,1
7881-EVUAD,1,0.588520348939263,58.852034893926295,High,1
6910-HADCM,1,0.5876526572892354,58.765265728923545,High,1
9866-QEVEE,1,0.5868174644718616,58.68174644718616,High,1
1077-HUUJM,0,0.5860789434672494,58.60789434672494,High,1
0958-YHXGP,0,0.5853769070991255,58.537690709912546,High,1
5144-TVGLP,0,0.5845507202154058,58.45507202154058,High,1
0749-IRGQE,0,0.5837919409728312,58.37919409728312,High,1
7571-YXDAD,1,0.5825951672776984,58.25951672776984,High,1
1894-IGFSG,1,0.580835841180139,58.083584118013896,High,1
2041-JIJCI,0,0.5790795456441113,57.907954564411135,High,1
4647-MUZON,0,0.5787366546814551,57.87366546814551,High,1
9692-TUSXH,1,0.5785213222743366,57.852132227433664,High,1
7952-OBOYL,0,0.5772752471383128,57.72752471383128,High,1
6821-BUXUX,1,0.5742444121350292,57.42444121350292,High,1
5480-HPRRX,1,0.5739743111464981,57.39743111464981,High,1
9227-LUNBG,1,0.5722793676275456,57.22793676275456,High,1
5501-TVMGM,0,0.5722362851384513,57.22362851384513,High,1
1335-NTIUC,0,0.5697701050704409,56.97701050704409,High,1
0899-LIIBW,0,0.5690213441117997,56.90213441117997,High,1
4818-QIUFN,1,0.5687122636400966,56.871226364009665,High,1
0376-YMCJC,1,0.5684816720275179,56.84816720275179,High,1
0952-KMEEH,1,0.5669568909350268,56.69568909350268,High,1
1236-WFCDV,1,0.5658352198008493,56.583521980084925,High,1
7470-MCQTK,1,0.5648485367426602,56.48485367426602,High,1
0581-MDMPW,0,0.5646347219676825,56.46347219676825,High,1
3063-QFSZL,1,0.5639897618161088,56.398976181610884,High,1
0988-JRWWP,0,0.5624200766352717,56.24200766352717,High,1
7855-DIWPO,0,0.5623278555739614,56.232785557396134,High,1
3312-UUMZW,0,0.5601185409751293,56.01185409751292,High,1
7748-UMTRK,0,0.5580762275853584,55.807622758535835,High,1
7603-USHJS,1,0.557709457722485,55.7709457722485,High,1
4581-LNWUM,0,0.5576227311283312,55.762273112833114,High,1
2309-OSFEU,1,0.5575093951837805,55.750939518378054,High,1
9572-WUKSB,0,0.5549774655533191,55.49774655533191,High,1
7410-YTJIK,1,0.5541851075652872,55.41851075652872,High,1
1965-DDBWU,1,0.5530128621637096,55.30128621637096,High,1
9638-JIQYA,0,0.5515524322636848,55.155243226368476,High,1
3966-HRMZA,0,0.5500168827564521,55.00168827564521,High,1
1092-GANHU,1,0.5487055101099809,54.87055101099809,High,1
9779-DPNEJ,0,0.5465255671807085,54.652556718070855,High,1
5760-FXFVO,0,0.5454846711580581,54.548467115805806,High,1
7018-WBJNK,0,0.5454580064029463,54.54580064029463,High,1
8393-DLHGA,1,0.5449934321850533,54.499343218505324,High,1
4360-PNRQB,0,0.5443522247145632,54.43522247145632,High,1
8778-LMWTJ,0,0.5441868653844317,54.418686538443175,High,1
9465-RWMXL,1,0.5439535155769475,54.39535155769475,High,1
1522-VVDMG,1,0.5422421489140905,54.22421489140905,High,1
9283-LZQOH,1,0.5408807590738973,54.08807590738973,High,1
8160-HOWOX,0,0.5404338184101224,54.04338184101224,High,1
9747-DDZOS,1,0.53923187799237,53.923187799237006,High,1
0082-OQIQY,0,0.5381942952793677,53.81942952793677,High,1
8993-PHFWD,1,0.5376996263375294,53.76996263375295,High,1
2501-XWWTZ,0,0.5361348503642522,53.613485036425224,High,1
5606-AMZBO,0,0.5360343456325602,53.60343456325602,High,1
6834-NXDCA,1,0.5357167775717663,53.57167775717663,High,1
8445-DNBAE,0,0.5356412036177408,53.56412036177408,High,1
0876-WDUUZ,1,0.5347297679915992,53.47297679915992,High,1
6557-BZXLQ,0,0.533449384517832,53.3449384517832,High,1
0778-NELLA,1,0.5320533728860554,53.205337288605534,High,1
9048-JVYVF,1,0.5294275526101995,52.94275526101995,High,1
3717-OEAUQ,0,0.5291313426407834,52.913134264078344,High,1
3312-ZWLGF,0,0.528635150849057,52.8635150849057,High,1
7587-RZNME,1,0.5284711205721478,52.84711205721479,High,1
8938-UMKPI,1,0.5253405977019202,52.53405977019202,High,1
9907-SWKKF,1,0.5239093014805419,52.390930148054196,High,1
7056-IMHCC,1,0.5237298235711374,52.37298235711374,High,1
2386-LAHRK,1,0.5233468749460525,52.33468749460525,High,1
2919-HBCJO,1,0.5225188195279049,52.25188195279049,High,1
6284-AHOOQ,1,0.5218893650545738,52.188936505457384,High,1
6166-ILMNY,1,0.5215272928068392,52.15272928068392,High,1
4658-HCOHW,1,0.5213012738827052,52.13012738827052,High,1
2800-QQUSO,0,0.5212836537536991,52.12836537536991,High,1
2203-GHNWN,0,0.5207958184869456,52.07958184869456,High,1
4947-DSMXK,0,0.5199090095980041,51.99090095980041,High,1
4512-ZUIYL,1,0.5179361714834536,51.79361714834536,High,1
5226-NOZFC,0,0.5174036003862104,51.740360038621034,High,1
1902-XBTFB,1,0.5152792553418695,51.52792553418695,High,1
8714-EUHJO,1,0.5125714344048511,51.25714344048511,High,1
5373-SFODM,1,0.5116065925515844,51.160659255158436,High,1
8914-RBTSB,1,0.5108467857797127,51.08467857797127,High,1
9851-KIELU,1,0.5108168368903128,51.08168368903128,High,1
9450-TRJUU,0,0.5098315405736558,50.983154057365574,High,1
6651-AZVTJ,1,0.5096660780298984,50.96660780298984,High,1
0682-USIXD,0,0.5085956873172325,50.85956873172325,High,1
7851-FLGGQ,1,0.50826402772053,50.826402772053,High,1
6661-HBGWL,1,0.5080341931909235,50.80341931909235,High,1
9643-AVVWI,0,0.507905727940075,50.7905727940075,High,1
4154-AQUGT,1,0.5071499852029531,50.71499852029531,High,1
2694-CIUMO,0,0.5064919725421393,50.64919725421393,High,1
8059-UDZFY,0,0.5062545570637816,50.62545570637816,High,1
8903-XEBGX,0,0.5055448113906509,50.55448113906509,High,1
4846-WHAFZ,1,0.5036311471897049,50.36311471897049,High,1
6608-QQLVK,1,0.5023055950034926,50.23055950034926,High,1
0963-ZBDRN,1,0.5019579743619482,50.19579743619482,High,1
8696-JKZNU,1,0.5007136162874273,50.07136162874273,High,1
7181-OQCUT,0,0.5006970047795104,50.06970047795104,High,1
6034-YMTOB,0,0.499727589135896,49.9727589135896,Medium,0
2971-SGAFL,0,0.4982418832373736,49.82418832373736,Medium,0
1100-DDVRV,0,0.4980673655563797,49.80673655563797,Medium,0
3587-PMCOY,0,0.49769328175245375,49.76932817524538,Medium,0
9979-RGMZT,0,0.49724183122103216,49.72418312210321,Medium,0
7503-QQRVF,1,0.4971259755293281,49.712597552932806,Medium,0
1452-KIOVK,0,0.4965025323368767,49.65025323368767,Medium,0
5281-BUZGT,1,0.49483193894492644,49.48319389449264,Medium,0
3094-JOJAI,0,0.49374342471328575,49.374342471328575,Medium,0
9752-ZNQUT,0,0.493625106041322,49.3625106041322,Medium,0
9944-AEXBM,0,0.4932405621818756,49.324056218187565,Medium,0
5650-YLIBA,0,0.4928399226350253,49.283992263502526,Medium,0
5759-RCVCB,1,0.49280381661508665,49.28038166150866,Medium,0
6481-ESCNL,0,0.49199133178331317,49.199133178331316,Medium,0
3334-CTHOL,1,0.49174381278545237,49.17438127854524,Medium,0
8212-DJRCH,0,0.4912896554293479,49.128965542934786,Medium,0
6331-LWDTQ,1,0.49102698158436975,49.10269815843697,Medium,0
2955-BJZHG,1,0.48950739332407495,48.950739332407494,Medium,0
1035-IPQPU,0,0.48905622245743235,48.90562224574324,Medium,0
5016-IBERQ,0,0.4886547762105043,48.86547762105043,Medium,0
6158-HDPXZ,0,0.4885342922925377,48.85342922925377,Medium,0
9842-EFSYY,0,0.48722787315236926,48.72278731523693,Medium,0
7404-JLKQG,0,0.4871737478639889,48.71737478639889,Medium,0
5022-JNQEQ,0,0.4859078051333817,48.590780513338174,Medium,0
2782-LFZVW,0,0.4837435836777312,48.37435836777312,Medium,0
4248-QPAVC,1,0.48287267466726197,48.2872674667262,Medium,0
9420-LOJKX,1,0.48257108833631496,48.2571088336315,Medium,0
8849-AYPTR,0,0.4811849601715068,48.11849601715068,Medium,0
5889-JTMUL,1,0.4802815788407857,48.02815788407857,Medium,0
0256-LTHVJ,1,0.48007999372882343,48.007999372882345,Medium,0
1319-YLZJG,0,0.47871431949503723,47.87143194950372,Medium,0
1346-UFHAX,0,0.47720322778946767,47.720322778946766,Medium,0
6543-CPZMK,1,0.4771193765100904,47.71193765100904,Medium,0
9512-UIBFX,1,0.47678177290334967,47.678177290334965,Medium,0
6542-LWGXJ,0,0.4766149501956301,47.66149501956301,Medium,0
6704-UTUKK,0,0.47615048859505865,47.61504885950586,Medium,0
7279-BUYWN,1,0.47609740763484654,47.60974076348465,Medium,0
9508-ILZDG,0,0.4747814973498312,47.47814973498312,Medium,0
5331-RGMTT,0,0.47272887391738605,47.27288739173861,Medium,0
8378-LKJAF,0,0.47189428266263056,47.18942826626306,Medium,0
2911-WDXMV,0,0.47114962549559486,47.114962549559486,Medium,0
1436-ZMJAN,0,0.4709951978789587,47.09951978789587,Medium,0
3932-CMDTD,1,0.47035242218781026,47.03524221878103,Medium,0
0599-XNYDO,0,0.46903945808872377,46.90394580887238,Medium,0
0430-IHCDJ,0,0.4687989772135867,46.879897721358674,Medium,0
5609-IMCGG,0,0.46720830785980977,46.72083078598098,Medium,0
6402-EJMWF,0,0.46607191091347444,46.607191091347445,Medium,0
9278-VZKCD,0,0.4645282200531224,46.452822005312235,Medium,0
4317-VTEOA,1,0.46419785109617234,46.41978510961724,Medium,0
8080-DDEMJ,1,0.46408012267604837,46.40801226760484,Medium,0
4706-DGAHW,0,0.46244158627830845,46.24415862783084,Medium,0
7129-ACFOG,0,0.46148869548635346,46.148869548635346,Medium,0
2277-DJJDL,0,0.46022763954246887,46.022763954246884,Medium,0
2178-PMGCJ,0,0.46007704778599057,46.007704778599056,Medium,0
3374-LXDEV,1,0.45994410758385085,45.99441075838509,Medium,0
8601-QACRS,1,0.4592327315532879,45.92327315532879,Medium,0
7663-RGWBC,1,0.45812007242242664,45.812007242242665,Medium,0
2227-JRSJX,0,0.4559583503536923,45.595835035369234,Medium,0
5129-JLPIS,0,0.4556200324252013,45.562003242520134,Medium,0
4570-QHXHL,0,0.4537871459552036,45.37871459552036,Medium,0
2606-RMDHZ,1,0.45345465599577167,45.34546559957717,Medium,0
3524-WQDSG,0,0.4533428468864832,45.33428468864832,Medium,0
9576-SYUHJ,0,0.4519625248824219,45.19625248824219,Medium,0
6729-GDNGC,0,0.45138745092191646,45.13874509219165,Medium,0
8785-CJSHH,0,0.451382014730432,45.138201473043196,Medium,0
5351-QESIO,0,0.45110251493065284,45.110251493065284,Medium,0
9927-DSWDF,0,0.4495602326978273,44.95602326978273,Medium,0
5461-QKNTN,0,0.44942135985688586,44.94213598568859,Medium,0
2587-EKXTS,0,0.44853897476082966,44.85389747608296,Medium,0
3466-RITXD,0,0.44632576165783544,44.63257616578355,Medium,0
1942-OQFRW,0,0.4459672319583037,44.596723195830364,Medium,0
6022-UGGSO,1,0.445344391762965,44.534439176296495,Medium,0
0096-BXERS,0,0.44499900888503424,44.499900888503426,Medium,0
6377-WHAOX,0,0.4444224544979314,44.44224544979314,Medium,0
3780-YVMFA,0,0.44334031100723204,44.3340311007232,Medium,0
8058-DMYRU,0,0.4429366129927572,44.29366129927572,Medium,0
2277-VWCNI,0,0.44259011561103195,44.25901156110319,Medium,0
3331-HQDTW,1,0.4411754354941438,44.11754354941438,Medium,0
5828-AVIPD,1,0.44086462992225517,44.08646299222552,Medium,0
6048-QBXKL,0,0.4406194304155188,44.061943041551885,Medium,0
4619-EVPHY,0,0.4400431840685465,44.00431840685465,Medium,0
3540-RZJYU,1,0.4399335100780313,43.99335100780313,Medium,0
7460-ITWWP,0,0.43948702066254014,43.948702066254015,Medium,0
6946-LMSQS,1,0.43788632514194714,43.78863251419472,Medium,0
2432-TFSMK,0,0.4376506478093663,43.76506478093663,Medium,0
3627-FHKBK,1,0.43258974687404017,43.25897468740402,Medium,0
9389-ACWBI,0,0.4322012892177181,43.22012892177181,Medium,0
5692-FPTAH,1,0.43192271629534656,43.19227162953466,Medium,0
6711-VTNRE,1,0.431656176291841,43.1656176291841,Medium,0
5133-POWUA,0,0.4312768167193211,43.12768167193211,Medium,0
4237-RLAQD,1,0.4304688453957461,43.046884539574606,Medium,0
1833-TCXKK,0,0.4295345467351572,42.953454673515715,Medium,0
4993-JCRGJ,0,0.4291820107300855,42.91820107300855,Medium,0
9710-ZUSHQ,1,0.42881613958526354,42.88161395852635,Medium,0
4660-IRIBM,0,0.4275219252051284,42.752192520512835,Medium,0
6317-YPKDH,1,0.42600493980159504,42.600493980159506,Medium,0
2988-PLAHS,0,0.4243926279809349,42.439262798093495,Medium,0
3891-PUQOD,1,0.4242878200245485,42.42878200245485,Medium,0
1536-HBSWP,0,0.4241343735229196,42.41343735229196,Medium,0
4840-ORQXB,0,0.4232292328947285,42.322923289472854,Medium,0
1261-FWTTE,0,0.4218985686659502,42.18985686659502,Medium,0
0365-GXEZS,0,0.42162432448521836,42.162432448521834,Medium,0
7277-OZCGZ,0,0.4209109633359638,42.091096333596376,Medium,0
9286-DOJGF,1,0.4206233933427014,42.062339334270135,Medium,0
7504-UWHNB,0,0.4205634862332958,42.05634862332958,Medium,0
0410-IPFTY,0,0.4204053062280924,42.04053062280924,Medium,0
8280-MQRQN,1,0.4200569267285253,42.00569267285253,Medium,0
3197-ARFOY,0,0.41942764378277886,41.942764378277886,Medium,0
9369-XFEHK,1,0.41689973962052884,41.68997396205288,Medium,0
1816-FLZDK,0,0.4151083717066848,41.51083717066848,Medium,0
0015-UOCOJ,0,0.41479810016613927,41.479810016613925,Medium,0
0322-CHQRU,1,0.413953534888276,41.3953534888276,Medium,0
1310-QRITU,0,0.4129436746043473,41.29436746043473,Medium,0
5651-YLPRD,0,0.41263303405943247,41.26330340594325,Medium,0
7529-ZDFXI,0,0.41221766188236597,41.2217661882366,Medium,0
3569-EDBPQ,0,0.409632063719481,40.963206371948104,Medium,0
4526-ZJJTM,0,0.4091373108100616,40.91373108100616,Medium,0
4760-THGOT,0,0.40827744423321544,40.82774442332154,Medium,0
8158-WPEZG,0,0.4081102099716686,40.81102099716686,Medium,0
6825-UYPFK,1,0.4040716812485874,40.40716812485874,Medium,0
4905-JEFDW,1,0.40348455367012187,40.348455367012185,Medium,0
5419-KLXBN,1,0.4005449777621202,40.054497776212024,Medium,0
2720-FVBQP,0,0.3997679006556671,39.97679006556671,Medium,0
6080-TCMYC,0,0.3985808692601488,39.85808692601488,Medium,0
3237-AJGEH,1,0.3983273364945262,39.83273364945262,Medium,0
5301-GAUUY,1,0.3954025139306876,39.54025139306876,Medium,0
0310-MVLET,1,0.39533365326666126,39.53336532666613,Medium,0
4690-LLKUA,1,0.3934586936816525,39.345869368165246,Medium,0
0531-ZZJWQ,0,0.3897143998457035,38.97143998457035,Medium,0
4329-YPDDQ,0,0.38911568468958757,38.911568468958755,Medium,0
7876-BEUTG,0,0.38837005450782275,38.83700545078227,Medium,0
4678-DVQEO,1,0.38760569023193486,38.76056902319348,Medium,0
8988-ECPJR,1,0.3871671968938613,38.71671968938613,Medium,0
6429-SHBCB,0,0.38675391017212507,38.675391017212505,Medium,0
6128-AQBMT,0,0.38669105333228454,38.66910533322845,Medium,0
9992-UJOEL,0,0.3852633001539948,38.52633001539948,Medium,0
0730-KOAVE,0,0.3851528282723976,38.51528282723976,Medium,0
9381-NDKME,1,0.3850730539530589,38.50730539530589,Medium,0
0363-QJVFX,1,0.3850435146011602,38.50435146011602,Medium,0
0422-UXFAP,0,0.3821917862612336,38.219178626123366,Medium,0
2070-FNEXE,1,0.38125742818460956,38.12574281846096,Medium,0
6304-IJFSQ,1,0.3812530493127847,38.12530493127847,Medium,0
1471-GIQKQ,0,0.38113273700358313,38.11327370035831,Medium,0
2960-NKRSO,0,0.38044651967180976,38.044651967180975,Medium,0
4208-UFFGW,1,0.3803462410017542,38.03462410017542,Medium,0
6845-RGTYS,1,0.3776413147208042,37.76413147208042,Medium,0
9812-GHVRI,0,0.3762768494106591,37.62768494106591,Medium,0
1357-BIJKI,0,0.37223380207208073,37.22338020720807,Medium,0
4223-WOZCM,0,0.37074447974344865,37.074447974344864,Medium,0
4829-AUOAX,1,0.3698786797300173,36.987867973001734,Medium,0
3787-TRIAL,0,0.36911618931866946,36.91161893186695,Medium,0
2604-IJPDU,0,0.36876928037074186,36.87692803707419,Medium,0
3658-KIBGF,1,0.3682281848567604,36.82281848567604,Medium,0
5213-TWWJU,0,0.36790600586150507,36.790600586150504,Medium,0
2139-FQHLM,0,0.36644574796720875,36.644574796720875,Medium,0
2101-RANCD,0,0.3644004145028941,36.440041450289414,Medium,0
1465-LNTLJ,0,0.36391435344818285,36.391435344818284,Medium,0
6227-HWPWX,1,0.36294187038710063,36.294187038710064,Medium,0
4323-SADQS,1,0.3605495679667417,36.05495679667417,Medium,0
5934-TSSAU,0,0.36026230072180165,36.02623007218016,Medium,0
1559-DTODC,0,0.3599589464511877,35.99589464511877,Medium,0
2452-KDRRH,0,0.3583532652765951,35.83532652765951,Medium,0
6173-GOLSU,0,0.3562704447789097,35.62704447789097,Medium,0
1205-WNWPJ,1,0.3544967538602651,35.449675386026506,Medium,0
2480-SQIOB,0,0.35402658319164326,35.402658319164324,Medium,0
2672-OJQZP,0,0.35401011787243203,35.401011787243206,Medium,0
9112-WSNPU,0,0.3530087835235098,35.30087835235098,Medium,0
1587-FKLZB,1,0.3512864871003531,35.12864871003531,Medium,0
4226-KKDON,0,0.3508037202431259,35.08037202431259,Medium,0
0265-PSUAE,0,0.35073666064317344,35.073666064317344,Medium,0
4983-CLMLV,0,0.34596195391810797,34.596195391810795,Medium,0
6710-HSJRD,0,0.344684833733417,34.468483373341705,Medium,0
9732-KPKBW,1,0.3434057499344745,34.34057499344745,Medium,0
1895-QTKDO,0,0.34315685383996386,34.31568538399639,Medium,0
8623-ULFNQ,0,0.3426000317159364,34.26000317159364,Medium,0
4067-HLYQI,0,0.3421984779119543,34.21984779119543,Medium,0
2386-OWURY,0,0.3397016025143442,33.97016025143442,Medium,0
3173-NVMPX,0,0.33651278277602187,33.65127827760219,Medium,0
9089-UOWJG,0,0.3363016071734447,33.630160717344474,Medium,0
7054-LGEQW,1,0.3361418828263508,33.614188282635084,Medium,0
1169-WCVAK,0,0.33597247452740175,33.59724745274018,Medium,0
3207-OYBWH,1,0.3350006734343184,33.50006734343184,Medium,0
6646-QVXLR,1,0.3306076788951185,33.06076788951185,Medium,0
9661-MHUMO,1,0.3295490819621167,32.95490819621167,Medium,0
3466-WAESX,0,0.32715753090470484,32.715753090470486,Medium,0
2770-NSVDG,0,0.32621231701605957,32.62123170160596,Medium,0
5575-TPIZQ,0,0.3259717821635427,32.59717821635427,Medium,0
1956-YIFGE,0,0.3253794852160721,32.537948521607206,Medium,0
7669-LCRSD,0,0.3246391389410007,32.463913894100074,Medium,0
2257-BOVXD,0,0.32354068575277023,32.354068575277026,Medium,0
8757-TFHHJ,0,0.3230213134897799,32.302131348977994,Medium,0
7251-LJBQN,0,0.32099044330647925,32.09904433064793,Medium,0
5949-HGVJL,0,0.32084456159599467,32.08445615959947,Medium,0
9819-FBNSV,0,0.31999265148638584,31.999265148638585,Medium,0
7055-HNEOJ,0,0.3192414317038933,31.92414317038933,Medium,0
1174-FGIFN,0,0.3186765501079523,31.867655010795232,Medium,0
0013-MHZWF,0,0.3168578225165583,31.68578225165583,Medium,0
8033-VCZGH,0,0.31682565835100696,31.682565835100696,Medium,0
9079-YEXQJ,1,0.31602950716803424,31.602950716803424,Medium,0
6257-RJOHI,0,0.3158232669619044,31.58232669619044,Medium,0
8840-DQLGN,1,0.3156773443063436,31.56773443063436,Medium,0
5207-PLSTK,0,0.3154281781071144,31.542817810711437,Medium,0
0327-WFZSY,0,0.3152152565712395,31.52152565712395,Medium,0
7579-OOPEC,1,0.3144927899051388,31.44927899051388,Medium,0
3923-CSIHK,1,0.31415939477627036,31.415939477627035,Medium,0
5402-HTOTQ,0,0.3132615396292336,31.32615396292336,Medium,0
8805-JNRAZ,0,0.3130845278661063,31.30845278661063,Medium,0
1550-LOAHA,1,0.312936199734154,31.2936199734154,Medium,0
0431-APWVY,1,0.3123757628610994,31.23757628610994,Medium,0
1370-GGAWX,0,0.3116741725990163,31.16741725990163,Medium,0
9327-QSDED,0,0.3111074736977817,31.110747369778167,Medium,0
8728-SKJLR,0,0.3107863477972536,31.078634779725363,Medium,0
3069-SSVSN,0,0.3100332165709458,31.003321657094578,Medium,0
9767-FFLEM,0,0.30869966385072023,30.869966385072022,Medium,0
4695-VADHF,1,0.3084440085517089,30.84440085517089,Medium,0
6234-PFPXL,0,0.30830257960647117,30.830257960647117,Medium,0
4640-UHDOS,1,0.3064701515018039,30.64701515018039,Medium,0
4819-HJPIW,0,0.3063342613631923,30.63342613631923,Medium,0
7623-TRNQN,1,0.30585769625444353,30.585769625444353,Medium,0
9822-WMWVG,0,0.3043547277207754,30.43547277207754,Medium,0
4724-WXVWF,0,0.3039926246059248,30.39926246059248,Medium,0
2692-PFYTJ,0,0.30288058732063633,30.288058732063632,Medium,0
2190-BCXEC,0,0.3019362482342036,30.19362482342036,Medium,0
3018-TFTSU,1,0.3007720707357633,30.07720707357633,Medium,0
9700-ISPUP,0,0.2999003126200231,29.990031262002308,Medium,0
5438-QMDDL,0,0.2983512267253366,29.83512267253366,Medium,0
6559-RAKOZ,0,0.2982321353728402,29.823213537284023,Medium,0
5600-PDUJF,0,0.29621761496212223,29.621761496212223,Medium,0
6713-OKOMC,0,0.29614050589156576,29.614050589156577,Medium,0
1541-ETJZO,1,0.296129374226032,29.612937422603203,Medium,0
0979-PHULV,1,0.29581087652510735,29.581087652510735,Medium,0
6874-SGLHU,0,0.29568355367393095,29.568355367393096,Medium,0
8455-HIRAQ,0,0.29533109351470055,29.533109351470056,Medium,0
4396-KLSEH,0,0.2948820865085702,29.48820865085702,Medium,0
0486-HECZI,1,0.29475901863398324,29.475901863398324,Medium,0
9481-SFCQY,0,0.2928383624067692,29.28383624067692,Medium,0
7250-EQKIY,1,0.28957051882976004,28.957051882976003,Medium,0
3594-KADLU,0,0.288696519229506,28.869651922950602,Medium,0
7067-KSAZT,1,0.2885867383137861,28.85867383137861,Medium,0
3567-PQTSO,0,0.28809815224903657,28.809815224903655,Medium,0
5103-MHMHY,1,0.2876831341369788,28.768313413697882,Medium,0
7410-KTVFV,1,0.2875678720908286,28.756787209082862,Medium,0
0823-HSCDJ,1,0.2796489474024319,27.96489474024319,Medium,0
6769-DYBQN,1,0.27938814283498525,27.938814283498527,Medium,0
0668-OGMHD,0,0.27907852288032464,27.907852288032466,Medium,0
4937-QPZPO,0,0.27817600506249507,27.817600506249505,Medium,0
9103-TCIHJ,1,0.2760159437025742,27.60159437025742,Medium,0
2195-VVRJF,0,0.2759249530334456,27.59249530334456,Medium,0
6854-EXGSF,0,0.2756205370585316,27.562053705853163,Medium,0
4468-YDOVK,0,0.2738877945695019,27.38877945695019,Medium,0
9163-GHAYE,0,0.27319708182977215,27.319708182977216,Medium,0
1848-LBZHY,0,0.27126075434121516,27.126075434121518,Medium,0
6284-KMNUF,0,0.2708930150839196,27.089301508391962,Medium,0
5136-GFPMB,0,0.27022485764080906,27.022485764080905,Medium,0
4667-OHGKG,1,0.2691054664576719,26.91054664576719,Medium,0
0959-WHOKV,0,0.26797810297078023,26.797810297078023,Medium,0
7854-EKTJL,1,0.2677196827297117,26.77196827297117,Medium,0
0719-SYFRB,1,0.26723361861545347,26.723361861545346,Medium,0
2391-SOORI,1,0.2669076776724693,26.690767767246932,Medium,0
6664-FPDAC,1,0.26630941569414157,26.63094156941416,Medium,0
1217-VASWC,0,0.26612892677248967,26.61289267724897,Medium,0
3604-WLABM,0,0.264908556809778,26.4908556809778,Medium,0
7629-WIXZF,0,0.26467216284704215,26.467216284704215,Medium,0
2480-EJWYP,0,0.2636528473408618,26.36528473408618,Medium,0
6366-XIVKZ,0,0.26345954214368067,26.345954214368067,Medium,0
6770-XUAGN,1,0.26342611438672,26.342611438671998,Medium,0
2279-AXJJK,0,0.2617613146409235,26.17613146409235,Medium,0
2369-FEVNO,0,0.26140010048771717,26.140010048771718,Medium,0
1622-HSHSF,0,0.2612723094835182,26.12723094835182,Medium,0
0058-EVZWM,0,0.2611680188623921,26.11680188623921,Medium,0
2828-SLQPF,0,0.2608594133006521,26.08594133006521,Medium,0
5804-HYIEZ,0,0.2607525718781705,26.07525718781705,Medium,0
1575-KRZZE,0,0.2598702828422468,25.987028284224678,Medium,0
1360-JYXKQ,0,0.2598134819929959,25.981348199299592,Medium,0
7750-EYXWZ,0,0.2595037731062324,25.95037731062324,Medium,0
1240-KNSEZ,1,0.25886355418690554,25.886355418690556,Medium,0
8992-CEUEN,0,0.2588051872565524,25.88051872565524,Medium,0
2522-AHJXR,0,0.2581569319994059,25.815693199940593,Medium,0
2778-OCLGR,1,0.2575235352567842,25.752353525678416,Medium,0
7398-LXGYX,0,0.2570420682263306,25.704206822633058,Medium,0
0471-ARVMX,0,0.2559786027730504,25.59786027730504,Medium,0
4256-ZWTZI,0,0.2558570639995713,25.585706399957132,Medium,0
1470-PSXNM,0,0.2550162869172448,25.50162869172448,Medium,0
2293-IJWPS,0,0.2549172171546444,25.49172171546444,Medium,0
2924-KHUVI,0,0.2547893864757701,25.47893864757701,Medium,0
1809-DMJHQ,1,0.25407258047449155,25.407258047449155,Medium,0
0742-MOABM,1,0.25387891209969554,25.387891209969553,Medium,0
2108-YKQTY,1,0.2536594124743805,25.36594124743805,Medium,0
3325-FUYCG,1,0.25291653967687516,25.291653967687516,Medium,0
5136-RGMZO,0,0.25130847986090177,25.130847986090178,Medium,0
8450-JOVAH,1,0.25101469318672526,25.101469318672525,Medium,0
5186-EJEGL,0,0.25016372375314133,25.016372375314134,Medium,0
0701-TJSEF,0,0.24855439040705812,24.85543904070581,Low,0
2669-QVCRG,0,0.24769575217450718,24.76957521745072,Low,0
7251-XFOIL,0,0.24714136228087275,24.714136228087273,Low,0
6184-DYUOB,0,0.2463980905202322,24.63980905202322,Low,0
3756-VNWDH,0,0.24538362965386873,24.538362965386874,Low,0
7124-UGSUR,1,0.2449637135008142,24.496371350081418,Low,0
9254-RBFON,1,0.24443717353834202,24.443717353834202,Low,0
7853-WNZSY,0,0.24428353439778996,24.428353439778995,Low,0
6898-MDLZW,0,0.24412355587906492,24.412355587906493,Low,0
1493-AMTIE,1,0.24379792131848477,24.379792131848475,Low,0
9544-PYPSJ,0,0.24355676260539322,24.355676260539322,Low,0
4524-QCSSM,0,0.24350094367849767,24.350094367849767,Low,0
1087-UDSIH,1,0.24264089427996002,24.264089427996,Low,0
7893-IXHRQ,1,0.24223091241510122,24.223091241510122,Low,0
4945-RVMTE,0,0.2415241142794341,24.15241142794341,Low,0
6890-PFRQX,0,0.24143933617629695,24.143933617629695,Low,0
3594-IVHJZ,0,0.2412234489273193,24.12234489273193,Low,0
4672-FOTSD,0,0.24043506690407399,24.043506690407398,Low,0
7054-ENNGU,0,0.24017452906818287,24.01745290681829,Low,0
2955-PSXOE,1,0.23945040627458233,23.945040627458233,Low,0
8713-IGZSO,0,0.2378792149979339,23.78792149979339,Low,0
8620-RJPZN,0,0.23611506954023273,23.611506954023273,Low,0
5630-AHZIL,0,0.23573349090309362,23.57334909030936,Low,0
6815-ABQFQ,0,0.23421335535293306,23.421335535293306,Low,0
4693-VWVBO,0,0.23262134455623376,23.262134455623375,Low,0
7733-UDMTP,0,0.2315441094651604,23.15441094651604,Low,0
6473-ULUHT,0,0.23066507366608913,23.066507366608914,Low,0
2995-UPRYS,1,0.22984153832243248,22.984153832243248,Low,0
6270-OMFIW,1,0.22778031985565503,22.7780319855655,Low,0
7957-RYHQD,1,0.22636688491183504,22.636688491183506,Low,0
9629-NHXFW,0,0.22545906269255855,22.545906269255855,Low,0
6773-LQTVT,0,0.2252997252256065,22.52997252256065,Low,0
2478-EEWWM,0,0.22473083427326213,22.473083427326213,Low,0
3179-GBRWV,0,0.22233271040643918,22.233271040643917,Low,0
8970-ANWXO,0,0.22220328854987512,22.22032885498751,Low,0
2087-QAREY,0,0.22113316739454594,22.113316739454593,Low,0
8166-ORCHU,0,0.2207778950101318,22.077789501013182,Low,0
1386-ZIKUV,0,0.22009330438363364,22.009330438363364,Low,0
5949-EBSQK,1,0.21976013878775083,21.976013878775085,Low,0
4016-BJKTZ,0,0.21957904311604354,21.957904311604352,Low,0
3982-XWFZQ,1,0.2193297727179015,21.93297727179015,Low,0
4003-FUSHP,0,0.21842116795840716,21.842116795840717,Low,0
3780-DDGSE,0,0.21724487571018689,21.724487571018688,Low,0
9374-YOLBJ,0,0.21700649060030242,21.70064906003024,Low,0
9033-EOXWV,1,0.21669824790356776,21.669824790356778,Low,0
8409-WQJUX,0,0.21664786804653224,21.664786804653225,Low,0
0463-WZZKO,0,0.2159782212094068,21.59782212094068,Low,0
7395-XWZOY,0,0.21592188744718646,21.592188744718648,Low,0
0913-XWSCN,0,0.21589531102223583,21.58953110222358,Low,0
4160-AMJTL,1,0.21536187435437085,21.536187435437085,Low,0
7426-WEIJX,0,0.21520501708998935,21.520501708998935,Low,0
3679-XASPY,0,0.21477546034053432,21.477546034053432,Low,0
8930-XOTDP,0,0.21320091429083757,21.320091429083757,Low,0
2843-CQMEG,0,0.21314253737860517,21.31425373786052,Low,0
7130-CTCUS,0,0.2126493293992217,21.264932939922172,Low,0
3339-EAQNV,0,0.2123821188384716,21.23821188384716,Low,0
6258-NGCNG,0,0.21226343002845455,21.226343002845454,Low,0
9138-EFSMO,0,0.21204412238805595,21.204412238805595,Low,0
6483-OATDN,0,0.21042089901029937,21.042089901029936,Low,0
9788-YTFGE,0,0.2096586118989544,20.965861189895442,Low,0
2446-ZKVAF,0,0.2091862457397627,20.91862457397627,Low,0
1110-KYLGQ,0,0.20912121765581573,20.912121765581574,Low,0
0516-OOHAR,0,0.20904147164491796,20.904147164491796,Low,0
8190-ZTQFB,0,0.20796525170776986,20.796525170776984,Low,0
8985-OOPOS,0,0.20762486938320043,20.762486938320045,Low,0
3694-GLTJM,0,0.20756602902773771,20.75660290277377,Low,0
2758-RNWXS,0,0.2067442478044294,20.67442478044294,Low,0
6733-LRIZX,0,0.20658635487872767,20.65863548787277,Low,0
0895-LMRSF,0,0.20630218419303598,20.6302184193036,Low,0
4541-RMRLG,1,0.20610995793615053,20.610995793615054,Low,0
9537-VHDTA,0,0.20557697733388022,20.55769773338802,Low,0
1015-OWJKI,0,0.20538486678057985,20.538486678057986,Low,0
6421-SZVEM,0,0.2048094370570123,20.48094370570123,Low,0
9025-ZRPVR,1,0.2047369856385525,20.47369856385525,Low,0
7134-MJPDY,0,0.2044066044805228,20.44066044805228,Low,0
4377-VDHYI,0,0.20433508396281017,20.433508396281017,Low,0
0733-VUNUW,1,0.20424651796603777,20.424651796603776,Low,0
5482-NUPNA,1,0.2033882404666858,20.33882404666858,Low,0
5198-EFNBM,0,0.20306002498370046,20.306002498370045,Low,0
5766-ZJYBB,1,0.20164633777192614,20.164633777192613,Low,0
1074-AMIOH,0,0.20030969192829545,20.030969192829545,Low,0
3858-XHYJO,0,0.19920818793840597,19.920818793840596,Low,0
7239-HZZCX,1,0.19795890635296323,19.795890635296324,Low,0
3930-ZGWVE,0,0.19795890635296323,19.795890635296324,Low,0
4892-VLANZ,1,0.19743629732491358,19.743629732491357,Low,0
6286-SUUWT,0,0.19587471476963883,19.587471476963884,Low,0
0365-TRTPY,0,0.1951654418769739,19.51654418769739,Low,0
8749-CLJXC,0,0.1948388605370488,19.48388605370488,Low,0
3794-NFNCH,0,0.1945718834344036,19.45718834344036,Low,0
9844-FELAJ,0,0.19418959791938872,19.41895979193887,Low,0
2750-BJLSB,0,0.1937167409472482,19.37167409472482,Low,0
4211-MMAZN,1,0.19277962240712124,19.277962240712124,Low,0
6654-QGBZZ,0,0.192676626775398,19.2676626775398,Low,0
9122-UMROB,0,0.19226740883737678,19.226740883737676,Low,0
1855-CFULU,0,0.19191399819719904,19.191399819719905,Low,0
7266-GSSJX,0,0.19173938249409594,19.173938249409595,Low,0
2308-STERM,0,0.1912202775717151,19.122027757171512,Low,0
6777-TGHTM,1,0.19118801051636436,19.118801051636435,Low,0
4237-CLSMM,0,0.1911710454310759,19.11710454310759,Low,0
2668-TZSPS,0,0.19073699249496784,19.073699249496784,Low,0
3976-NLDEZ,0,0.18921590434141505,18.921590434141507,Low,0
1051-GEJLJ,0,0.18889724276509454,18.889724276509455,Low,0
2252-JHJGE,0,0.18867351173950545,18.867351173950546,Low,0
1963-VAUKV,1,0.18760321880310699,18.7603218803107,Low,0
9820-RMCQV,1,0.18757534800821804,18.757534800821805,Low,0
1194-SPVSP,0,0.18755040659935923,18.755040659935922,Low,0
4013-GUXND,0,0.18720227751136123,18.72022775113612,Low,0
9097-ZUBYC,0,0.18620265781046014,18.620265781046015,Low,0
9701-CDXHR,0,0.18493245602532657,18.493245602532657,Low,0
2155-AMQRX,0,0.18338634141991664,18.338634141991665,Low,0
3639-XJHKQ,0,0.18301417377161072,18.301417377161073,Low,0
3313-QKNKB,1,0.18285942340741587,18.285942340741588,Low,0
6776-TLWOI,1,0.18240571419763316,18.240571419763317,Low,0
0816-TSPHQ,0,0.18065135645814231,18.06513564581423,Low,0
5469-CTCWN,1,0.18021272865461557,18.021272865461558,Low,0
4701-MLJPN,1,0.17996605137084248,17.99660513708425,Low,0
6383-ZTSIW,0,0.17965866844270284,17.965866844270284,Low,0
2091-MJTFX,1,0.17952527918851363,17.952527918851363,Low,0
9139-WQQDY,1,0.17861775924898274,17.861775924898275,Low,0
2923-ARZLG,0,0.17858622812338829,17.85862281233883,Low,0
1707-HABPF,0,0.17795478940027243,17.795478940027245,Low,0
2839-RFSQE,1,0.17792883212579377,17.792883212579376,Low,0
9972-VAFJJ,0,0.17787869516842425,17.787869516842424,Low,0
0178-CIIKR,0,0.1776820867572165,17.76820867572165,Low,0
8495-PRWFH,0,0.1774714034085532,17.74714034085532,Low,0
6497-TILVL,0,0.1767082324796776,17.67082324796776,Low,0
1784-BXEFA,0,0.17668843848574842,17.66884384857484,Low,0
5140-FOMCQ,0,0.17650930065896042,17.65093006589604,Low,0
7919-ZODZZ,0,0.17636006102147014,17.636006102147014,Low,0
4753-PADAS,0,0.1760712173046294,17.60712173046294,Low,0
7017-VFULY,0,0.17581647326044864,17.581647326044862,Low,0
9565-JSNFM,1,0.17560087727170745,17.560087727170746,Low,0
3847-BAERP,0,0.1755189663756072,17.55189663756072,Low,0
0048-LUMLS,0,0.17549710977123892,17.54971097712389,Low,0
3090-QFUVD,0,0.17370591192505358,17.37059119250536,Low,0
2700-LUEVA,0,0.17285673604673354,17.285673604673356,Low,0
5951-AOFIH,0,0.172851044459021,17.2851044459021,Low,0
1385-TQOZW,0,0.16937790830175178,16.937790830175178,Low,0
6112-KTHFQ,0,0.1691556939374252,16.91556939374252,Low,0
8433-WPJTV,0,0.16711240484785592,16.71124048478559,Low,0
0870-VEMYL,1,0.16703123724034194,16.703123724034192,Low,0
7356-AYNJP,0,0.1668549082849956,16.68549082849956,Low,0
5155-AZQPB,0,0.16594565131272387,16.594565131272386,Low,0
9040-KZVWO,0,0.16591800991286595,16.591800991286597,Low,0
4184-VODJZ,0,0.16410388983886137,16.410388983886136,Low,0
9909-DFRJA,0,0.16392578900104926,16.392578900104926,Low,0
1629-DQQVB,0,0.16148378835089916,16.148378835089915,Low,0
9962-BFPDU,0,0.16148151457839421,16.148151457839422,Low,0
4700-UBQMV,0,0.16128954773177484,16.128954773177483,Low,0
4075-JFPGR,0,0.16059656718920684,16.059656718920685,Low,0
2659-VXMWZ,1,0.15948142935278067,15.948142935278067,Low,0
3948-FVVRP,0,0.1590228431087574,15.90228431087574,Low,0
3413-CSSTH,0,0.15882884283264773,15.882884283264772,Low,0
3523-QRQLL,1,0.1568259078873245,15.682590788732451,Low,0
0373-AIVNJ,0,0.15649497775735985,15.649497775735984,Low,0
4402-FTBXC,0,0.1563476726421385,15.63476726421385,Low,0
5473-KHBPS,0,0.15624047668973892,15.624047668973892,Low,0
8053-WWDRO,1,0.15568790194449475,15.568790194449475,Low,0
5850-BDWCY,0,0.1556855110871383,15.56855110871383,Low,0
0484-FFVBJ,0,0.15536320437707754,15.536320437707754,Low,0
9364-YKUVW,0,0.15458170951105485,15.458170951105485,Low,0
2159-TURXX,0,0.15293181776291656,15.293181776291656,Low,0
4946-EDSEW,1,0.15287059739630354,15.287059739630354,Low,0
4190-MFLUW,1,0.15267424825295922,15.267424825295922,Low,0
9986-BONCE,1,0.1521682518680958,15.21682518680958,Low,0
0440-QEXBZ,0,0.15214770020244242,15.214770020244242,Low,0
3675-EQOZA,0,0.1512329116289343,15.123291162893429,Low,0
1852-XEMDW,0,0.15011831816318538,15.011831816318539,Low,0
1360-XFJMR,0,0.14830476411015464,14.830476411015464,Low,0
5966-EMAZU,0,0.14801862789888756,14.801862789888757,Low,0
2040-OBMLJ,0,0.14647989990816768,14.647989990816768,Low,0
4701-AHWMW,1,0.1451452811025102,14.514528110251021,Low,0
7789-CRUVC,0,0.14371917977865284,14.371917977865284,Low,0
2212-LYASK,0,0.14322358741121682,14.322358741121683,Low,0
4079-VTGLK,0,0.14282744192323496,14.282744192323497,Low,0
7764-BDPEE,0,0.14265662458953507,14.265662458953507,Low,0
2748-MYRVK,1,0.14233048230405193,14.233048230405194,Low,0
5440-VHLUL,0,0.14179110175805887,14.179110175805887,Low,0
5863-OOKCL,0,0.14150056453771537,14.150056453771537,Low,0
6583-SZVGP,0,0.14134551509843313,14.134551509843313,Low,0
2001-MCUUW,0,0.14083067741433858,14.083067741433858,Low,0
4332-MUOEZ,0,0.14082614838068336,14.082614838068336,Low,0
5240-CAOYT,0,0.1402426671931451,14.02426671931451,Low,0
0665-XHDJU,0,0.14010966777300957,14.010966777300956,Low,0
3011-WQKSZ,0,0.1392662221337572,13.926622213375719,Low,0
2969-WGHQO,0,0.13903255618705418,13.903255618705417,Low,0
7879-CGSFV,0,0.13785881300418704,13.785881300418703,Low,0
3865-ZYKAD,0,0.13773273378684986,13.773273378684985,Low,0
4489-SNOJF,1,0.13671451189936226,13.671451189936226,Low,0
2972-YDYUW,0,0.13668003136893225,13.668003136893226,Low,0
0997-YTLNY,0,0.13424810756229708,13.424810756229707,Low,0
3077-RSNTJ,0,0.1341410339422219,13.41410339422219,Low,0
5014-WUQMG,0,0.1332086342483544,13.32086342483544,Low,0
6164-HXUGH,0,0.13316203628838694,13.316203628838693,Low,0
4830-FAXFM,0,0.13301583342848156,13.301583342848156,Low,0
6198-PNNSZ,0,0.13225306685792076,13.225306685792077,Low,0
5921-NGYRH,0,0.1318227315940396,13.182273159403959,Low,0
9357-UJRUN,0,0.13126016795135126,13.126016795135126,Low,0
2233-TXSIU,0,0.12995614503137323,12.995614503137324,Low,0
2001-EWBQU,0,0.12982148003821503,12.982148003821504,Low,0
9115-YQHGA,0,0.12934725978903014,12.934725978903014,Low,0
5566-SOEZD,0,0.12781021076939447,12.781021076939448,Low,0
9480-BQJEI,0,0.12722377303939347,12.722377303939346,Low,0
7572-KPVKK,0,0.12706949303040566,12.706949303040565,Low,0
2428-ZMCTB,0,0.12699314119651983,12.699314119651984,Low,0
9633-DENPU,0,0.12692915282147882,12.692915282147881,Low,0
8849-GYOKR,1,0.12649335345413165,12.649335345413165,Low,0
1346-PJWTK,0,0.12444085905250198,12.444085905250198,Low,0
0447-BEMNG,1,0.12392132286295902,12.392132286295903,Low,0
6900-RBKER,0,0.12363573102899854,12.363573102899855,Low,0
7159-NOKYQ,0,0.12325555589666805,12.325555589666806,Low,0
5533-RJFTJ,0,0.12319892508883322,12.319892508883322,Low,0
5081-NWSUP,0,0.12291694257989738,12.291694257989738,Low,0
9367-TCUYN,0,0.12174154621083692,12.174154621083693,Low,0
8401-EMUWF,0,0.12121681276265231,12.121681276265232,Low,0
6838-HVLXG,0,0.12095409625389934,12.095409625389934,Low,0
7311-MQJCH,0,0.12057614060232577,12.057614060232577,Low,0
9039-RBEEE,1,0.11948648042819948,11.948648042819949,Low,0
3623-FQBOX,0,0.11928525152865378,11.928525152865378,Low,0
9256-JTBNZ,0,0.11876824651372198,11.876824651372198,Low,0
3680-CTHUH,0,0.11859396233996651,11.859396233996652,Low,0
8671-KKKOS,0,0.1180811715781257,11.80811715781257,Low,0
3181-MIZBN,0,0.1180251791689992,11.80251791689992,Low,0
0297-RBCSG,0,0.1179473521749704,11.79473521749704,Low,0
2307-FYNNL,0,0.11784247507206652,11.784247507206652,Low,0
2294-DMMUS,0,0.11771373984600754,11.771373984600753,Low,0
5025-GOOKI,0,0.11727211917445825,11.727211917445825,Low,0
9107-UKCKY,0,0.11630828570912363,11.630828570912364,Low,0
2019-HDCZY,0,0.11563085017497982,11.563085017497981,Low,0
7531-GQHME,0,0.11517517480916821,11.51751748091682,Low,0
8457-XIGKN,0,0.1151738474327746,11.51738474327746,Low,0
4353-HYOJD,0,0.11471447733212056,11.471447733212056,Low,0
8735-NBLWT,0,0.1140874377148274,11.40874377148274,Low,0
1131-SUEKT,0,0.1126570622290506,11.26570622290506,Low,0
3729-OWRVL,0,0.11263400111766327,11.263400111766327,Low,0
5161-XEUVX,0,0.11253530755113132,11.253530755113132,Low,0
5709-LVOEQ,0,0.1117448218604263,11.17448218604263,Low,0
0377-JBKKT,0,0.11076478730964326,11.076478730964325,Low,0
4002-BQWPQ,0,0.11046835878210416,11.046835878210416,Low,0
0076-LVEPS,0,0.1103042168816916,11.030421688169161,Low,0
0440-UEDAI,0,0.10962656453533186,10.962656453533185,Low,0
4785-QRJHC,1,0.1094916179884556,10.949161798845559,Low,0
0536-ACXIP,0,0.10890752891708178,10.890752891708178,Low,0
1218-VKFPE,1,0.10857229426770992,10.857229426770992,Low,0
8034-RYTVV,0,0.10856357756412634,10.856357756412633,Low,0
6297-NOOPG,0,0.10803400862978355,10.803400862978355,Low,0
6568-POCUI,0,0.10789256199865041,10.789256199865042,Low,0
7641-TQFHN,0,0.10647927447866823,10.647927447866824,Low,0
3571-DPYUH,0,0.10623476275658078,10.623476275658078,Low,0
0516-UXRMT,0,0.1055802906895795,10.55802906895795,Low,0
0257-KXZGU,0,0.10557284666459273,10.557284666459273,Low,0
7803-XOCCZ,0,0.1051448481137509,10.51448481137509,Low,0
7666-WKRON,1,0.10195248674100942,10.195248674100942,Low,0
4419-UJMUS,0,0.10139366558512387,10.139366558512387,Low,0
6933-FHBZC,0,0.10119309431314208,10.119309431314209,Low,0
9715-WZCLW,0,0.1011688718566974,10.11688718566974,Low,0
9378-FXTIZ,1,0.1005924381339576,10.05924381339576,Low,0
6784-XYJAE,0,0.10058824048697468,10.058824048697467,Low,0
2926-JEJJC,0,0.10040834952469356,10.040834952469355,Low,0
9128-CPXKI,0,0.10020776604389688,10.020776604389688,Low,0
2165-VOEGB,1,0.10009192395866649,10.009192395866648,Low,0
5360-LJCNJ,0,0.09992746819220122,9.992746819220121,Low,0
3733-UOCWF,0,0.09910986680920403,9.910986680920402,Low,0
2958-NHPPS,0,0.09895363306012153,9.895363306012154,Low,0
6598-RFFVI,1,0.09814734871685452,9.814734871685452,Low,0
9143-CANJF,0,0.09778751072872849,9.778751072872849,Low,0
2533-QVMSK,1,0.09756391556272906,9.756391556272906,Low,0
5808-TOTXO,0,0.09746131767359717,9.746131767359717,Low,0
2967-MXRAV,0,0.09634024899373797,9.634024899373797,Low,0
0743-HRVFF,0,0.09534474924435077,9.534474924435077,Low,0
3896-RCYYE,0,0.09519088879925458,9.519088879925459,Low,0
8780-RSYYU,0,0.09482650710054094,9.482650710054093,Low,0
5619-XZZKR,0,0.09482295491809821,9.48229549180982,Low,0
1492-QGCLU,0,0.09418834399780979,9.418834399780978,Low,0
3594-UVONA,1,0.0938589456659257,9.38589456659257,Low,0
9972-NKTFD,0,0.09250468631809701,9.250468631809701,Low,0
2272-WUSPA,0,0.09229531440845966,9.229531440845966,Low,0
8909-BOLNL,0,0.09195314066003797,9.195314066003798,Low,0
9330-VOFSZ,0,0.09152953612550042,9.152953612550043,Low,0
6766-HFKLA,0,0.09120974425597579,9.120974425597579,Low,0
5027-YOCXN,0,0.09106416722903829,9.106416722903829,Low,0
0289-IVARM,0,0.09032619061614955,9.032619061614955,Low,0
6242-SGYTS,0,0.08956689702704636,8.956689702704637,Low,0
7654-YWJUF,0,0.08903353847934548,8.903353847934547,Low,0
3096-WPXBT,0,0.08891156978413155,8.891156978413155,Low,0
4501-UYKBC,0,0.0886318052514471,8.86318052514471,Low,0
6993-YCOBK,0,0.0884046870053601,8.84046870053601,Low,0
6968-MHOMU,0,0.08824258878700578,8.824258878700578,Low,0
2239-CFOUJ,0,0.08754367564558158,8.754367564558157,Low,0
9052-DHNKM,0,0.08746987331216231,8.746987331216232,Low,0
7036-TYDEC,0,0.08698582294003011,8.698582294003012,Low,0
4759-PXTAN,0,0.08685857921779354,8.685857921779354,Low,0
1729-VLAZJ,0,0.0866922885068638,8.669228850686379,Low,0
1744-JHKYS,0,0.0866168423057536,8.66168423057536,Low,0
5537-UXXVS,0,0.0865528070275949,8.65528070275949,Low,0
4464-JCOLN,1,0.08654463368202155,8.654463368202155,Low,0
1730-VFMWO,0,0.08646813474576616,8.646813474576616,Low,0
9586-JGQKH,0,0.08567320603621206,8.567320603621207,Low,0
5236-PERKL,1,0.08547575358813522,8.547575358813523,Low,0
1530-ZTDOZ,0,0.08502738460213503,8.502738460213504,Low,0
5514-YQENT,0,0.08479286883712672,8.479286883712673,Low,0
9013-AQORL,0,0.0847643884698926,8.476438846989259,Low,0
1395-OFUWC,0,0.0845714941864035,8.45714941864035,Low,0
3893-JRNFS,0,0.08394603532057354,8.394603532057355,Low,0
5445-PZWGX,1,0.08335626249587028,8.335626249587028,Low,0
2930-UOTMB,1,0.0833029423237452,8.33029423237452,Low,0
9405-GPBBG,0,0.08318727709188935,8.318727709188934,Low,0
6968-URWQU,0,0.0831455792504876,8.31455792504876,Low,0
0628-CNQRM,1,0.08294356600875442,8.294356600875442,Low,0
5701-GUXDC,0,0.08267807287302036,8.267807287302036,Low,0
7492-TAFJD,0,0.0826199761339683,8.261997613396831,Low,0
2834-JKOOW,0,0.08232959283344285,8.232959283344284,Low,0
8582-KRHPJ,0,0.08230464214222441,8.23046421422244,Low,0
0106-UGRDO,0,0.08225426054990356,8.225426054990356,Low,0
3354-OADJP,0,0.08205505897473547,8.205505897473547,Low,0
2250-IVBWA,0,0.08135063524834729,8.13506352483473,Low,0
5446-DKWYW,0,0.08063430696601054,8.063430696601054,Low,0
0164-APGRB,0,0.08017013616575235,8.017013616575234,Low,0
7997-EASSD,0,0.08002441738071783,8.002441738071782,Low,0
5271-YNWVR,1,0.07901540506708749,7.9015405067087485,Low,0
7691-XVTZH,0,0.07864284570015256,7.864284570015256,Low,0
9473-CBZOP,0,0.07852872889395487,7.8528728893954876,Low,0
8646-JCOMS,0,0.07835949912881025,7.835949912881025,Low,0
7816-VGHTO,0,0.07772481969963982,7.772481969963982,Low,0
3324-OIRTO,0,0.07714084200206511,7.7140842002065115,Low,0
7010-ZMVBF,0,0.07674984939772328,7.674984939772328,Low,0
7663-CUXZB,0,0.07646694291547017,7.646694291547017,Low,0
9866-OCCKE,0,0.07597485951656084,7.597485951656084,Low,0
3229-USWAR,0,0.0757343543172257,7.57343543172257,Low,0
1545-JFUML,0,0.0756734605531489,7.56734605531489,Low,0
0725-CXOTM,0,0.07552119375971693,7.552119375971693,Low,0
1264-FUHCX,0,0.07543226372162813,7.543226372162813,Low,0
1038-RQOST,0,0.07503790835974766,7.503790835974766,Low,0
0661-KBKPA,0,0.07491505045353998,7.491505045353998,Low,0
5857-XRECV,0,0.07462822782504047,7.462822782504047,Low,0
4223-BKEOR,0,0.07438947237817152,7.438947237817152,Low,0
8819-ZBYNA,0,0.0742735478960843,7.4273547896084295,Low,0
9308-ANMVE,0,0.07287307280842349,7.28730728084235,Low,0
2129-ALKBS,0,0.07224060820152006,7.2240608201520065,Low,0
8573-JGCZW,0,0.07207871769301287,7.207871769301287,Low,0
8089-UZWLX,0,0.07206954787348031,7.206954787348032,Low,0
1952-DVVSW,0,0.07201460982335675,7.201460982335675,Low,0
7649-PHJVR,0,0.07200058121882445,7.200058121882445,Low,0
2746-DIJLO,0,0.07182199910480623,7.182199910480623,Low,0
7762-ONLJY,0,0.07128813208720197,7.128813208720198,Low,0
5062-CJJKH,0,0.07085432938915683,7.085432938915683,Low,0
0980-FEXWF,0,0.07083768135903909,7.083768135903909,Low,0
9931-KGHOA,0,0.07035922618012369,7.0359226180123695,Low,0
1444-VVSGW,1,0.0699195153578589,6.99195153578589,Low,0
6734-FQAJX,0,0.06987440511349385,6.987440511349385,Low,0
5049-MUBWG,0,0.06982846274746654,6.982846274746654,Low,0
4137-JOPHL,0,0.06939721181431412,6.939721181431412,Low,0
2522-WLNSF,0,0.06912946676831139,6.9129466768311385,Low,0
6682-QJDGB,1,0.06840031864037521,6.840031864037521,Low,0
9402-ROUMJ,0,0.06833736446453666,6.833736446453666,Low,0
7032-LMBHI,0,0.0680560049067993,6.805600490679931,Low,0
3115-CZMZD,0,0.06782769358957122,6.782769358957122,Low,0
2877-VDUER,0,0.06763896545029636,6.763896545029636,Low,0
5018-LXQQG,0,0.06723510777629867,6.723510777629866,Low,0
1136-XGEQU,0,0.06709774215861708,6.709774215861708,Low,0
6967-PEJLL,0,0.06696904440183575,6.696904440183575,Low,0
5753-QQWPW,0,0.06676442741177813,6.676442741177812,Low,0
3750-YHRYO,0,0.06629743705119713,6.629743705119713,Low,0
2788-CJQAQ,0,0.06612343596294598,6.612343596294598,Low,0
3530-VWVGU,0,0.06589566201453408,6.589566201453407,Low,0
0983-TATYJ,0,0.0656651799601162,6.56651799601162,Low,0
9313-QOLTZ,0,0.06471013437672243,6.4710134376722435,Low,0
0134-XWXCE,0,0.06404886049125183,6.404886049125183,Low,0
7233-IOQNP,0,0.06380854038063817,6.380854038063817,Low,0
2388-LAESQ,0,0.06298708468479619,6.298708468479619,Low,0
8015-IHCGW,0,0.0628270947543459,6.282709475434591,Low,0
2798-NYLMZ,0,0.06270061559057405,6.270061559057405,Low,0
5524-KHNJP,0,0.0626286860867184,6.26286860867184,Low,0
2408-PSJVE,0,0.06261693554510275,6.261693554510275,Low,0
5975-BAICR,0,0.06251761275504092,6.251761275504092,Low,0
9822-BIIGN,0,0.06247130007956238,6.247130007956238,Low,0
1097-FSPVW,0,0.06161517832670262,6.161517832670262,Low,0
6797-LNAQX,1,0.061518112936306164,6.151811293630616,Low,0
9483-GCPWE,0,0.061475489919305425,6.147548991930543,Low,0
4537-CIBHB,0,0.06051900108717337,6.051900108717337,Low,0
7677-SJJJK,0,0.060211703838063936,6.0211703838063935,Low,0
0727-BNRLG,0,0.05998154902699757,5.998154902699757,Low,0
9351-HXDMR,0,0.059812497833937654,5.981249783393765,Low,0
5297-MDOIR,0,0.0597655505334606,5.97655505334606,Low,0
8591-TKMZH,0,0.0590219060156862,5.90219060156862,Low,0
6434-TTGJP,0,0.05867912792700862,5.867912792700862,Low,0
2368-GAKKQ,0,0.05855403818672381,5.855403818672381,Low,0
7971-HLVXI,0,0.05816926087688923,5.816926087688923,Low,0
2323-ARSVR,0,0.05800110402414457,5.800110402414457,Low,0
2171-UDMFD,0,0.05799623248681756,5.799623248681756,Low,0
0307-BCOPK,0,0.057897875692275294,5.78978756922753,Low,0
9412-ARGBX,1,0.05742206187631213,5.742206187631213,Low,0
6075-QMNRR,0,0.05726610187596797,5.726610187596797,Low,0
5671-RQRLP,0,0.05697928639497026,5.697928639497026,Low,0
8570-KLJYJ,0,0.05687717978230111,5.687717978230111,Low,0
8690-UPCZI,0,0.05673008455986039,5.6730084559860385,Low,0
9070-BCKQP,0,0.05625427364067143,5.625427364067144,Low,0
3766-EJLFL,0,0.05577193289989673,5.577193289989673,Low,0
9142-XMYJH,0,0.05571380058707086,5.571380058707086,Low,0
0074-HDKDG,0,0.05534346381790679,5.534346381790679,Low,0
0866-QLSIR,1,0.05522037705808636,5.5220377058086365,Low,0
2907-ILJBN,0,0.05438730867794299,5.438730867794299,Low,0
9637-CDTKZ,0,0.05429114618323901,5.429114618323902,Low,0
7191-ADRGF,0,0.05400053711299344,5.4000537112993445,Low,0
5236-XMZJY,0,0.053914880161841885,5.391488016184189,Low,0
5442-BXVND,0,0.05369621202742932,5.369621202742932,Low,0
1150-WFARN,1,0.05352747253516247,5.352747253516247,Low,0
3301-VKTGC,0,0.05286710777602312,5.286710777602312,Low,0
9298-WGMRW,0,0.05266914124521471,5.266914124521471,Low,0
8727-XDPUD,0,0.05211488631296048,5.2114886312960484,Low,0
9220-ZNKJI,0,0.0518615216980015,5.18615216980015,Low,0
5505-OVWQW,0,0.051747574782340884,5.174757478234088,Low,0
8741-LQOBK,0,0.051347825132294474,5.134782513229448,Low,0
7838-LAZFO,0,0.05129131353255332,5.129131353255332,Low,0
7369-TRPFD,0,0.0511832369604671,5.11832369604671,Low,0
0056-EPFBG,0,0.05031687812437501,5.031687812437501,Low,0
6919-ELBGL,0,0.050233292141604415,5.023329214160442,Low,0
1133-KXCGE,0,0.05000655891031522,5.0006558910315215,Low,0
6445-TNRXS,0,0.04998684072449352,4.998684072449352,Low,0
9917-KWRBE,0,0.04995654940340734,4.995654940340734,Low,0
1131-ALZWV,0,0.048880021446117555,4.888002144611756,Low,0
7279-NMVJC,0,0.04866444695550753,4.8664446955507525,Low,0
1036-GUDCL,0,0.048619829933769024,4.861982993376903,Low,0
8777-PVYGU,0,0.048206876230539125,4.820687623053913,Low,0
7996-BPXHY,0,0.048203356405394276,4.820335640539428,Low,0
4376-KFVRS,0,0.04816343837231957,4.8163438372319565,Low,0
8915-NNTRC,0,0.04802832270151323,4.802832270151323,Low,0
4359-INNWN,0,0.04714969741324931,4.71496974132493,Low,0
1741-WTPON,0,0.04709216581151939,4.7092165811519395,Low,0
2320-TZRRH,0,0.046915746243636675,4.691574624363668,Low,0
4717-GHADL,0,0.04687890120093904,4.687890120093904,Low,0
4627-MIHJH,0,0.046581909855211316,4.658190985521132,Low,0
3396-DKDEL,0,0.046100264260477634,4.610026426047764,Low,0
9860-LISIZ,0,0.045559768675275725,4.555976867527573,Low,0
0868-VJRDR,0,0.04552092048053551,4.5520920480535505,Low,0
9330-DHBFL,0,0.044981522912354126,4.498152291235413,Low,0
4378-MYPGO,0,0.04485124906312629,4.485124906312629,Low,0
9313-CDOGY,0,0.04468396326479797,4.468396326479797,Low,0
9534-NSXEM,0,0.044679884157925266,4.467988415792527,Low,0
0019-EFAEP,0,0.044352339379688424,4.435233937968842,Low,0
9867-XOBQA,0,0.04314393482036561,4.314393482036561,Low,0
4086-ATNFV,0,0.04304965891797382,4.304965891797382,Low,0
2245-ADZFJ,0,0.04263023519096827,4.263023519096827,Low,0
1936-CZAKF,0,0.04203200295915808,4.203200295915808,Low,0
4304-TSPVK,0,0.04199031652237491,4.19903165223749,Low,0
5061-PBXFW,0,0.04079925927034233,4.079925927034233,Low,0
2061-VVFST,0,0.040577384730265585,4.057738473026559,Low,0
9906-NHHVC,0,0.040510026602505,4.0510026602505,Low,0
1271-UODNO,0,0.040313887464288246,4.031388746428824,Low,0
7375-WMVMT,0,0.040295627755875925,4.029562775587593,Low,0
4973-RLZVI,0,0.04016063768300231,4.016063768300231,Low,0
7338-ERIVA,0,0.04004023872598293,4.004023872598293,Low,0
9289-LBQVU,0,0.04001459022179498,4.001459022179498,Low,0
7359-WWYJV,0,0.04000305427951116,4.000305427951116,Low,0
9209-NWPGU,0,0.039883503040784155,3.9883503040784154,Low,0
6726-NNFWD,0,0.03968194932687997,3.968194932687997,Low,0
9777-IQHWP,0,0.03967911657916807,3.967911657916807,Low,0
0017-IUDMW,0,0.039455396798150924,3.9455396798150923,Low,0
9758-MFWGD,0,0.03943833402517078,3.943833402517078,Low,0
9030-QGZNL,0,0.039403812379006496,3.9403812379006498,Low,0
6374-NTQLP,0,0.0391422961488119,3.91422961488119,Low,0
6527-PZFPV,0,0.03904602585034394,3.904602585034394,Low,0
2188-SXWVT,0,0.03889169779255201,3.889169779255201,Low,0
2325-ZUSFD,1,0.03884480796193465,3.8844807961934653,Low,0
9648-BCHKM,0,0.038566486254589354,3.856648625458935,Low,0
3717-FDJFU,0,0.03824093915091499,3.824093915091499,Low,0
5468-BPMMO,0,0.03821985764826536,3.821985764826536,Low,0
3125-RAHBV,0,0.03802953037771398,3.8029530377713976,Low,0
0254-KCJGT,0,0.037879508294838625,3.7879508294838624,Low,0
4500-HKANN,0,0.037824868804267844,3.7824868804267844,Low,0
8763-KIAFH,0,0.03769767045219356,3.769767045219356,Low,0
8400-WZICQ,0,0.03752529346275931,3.752529346275931,Low,0
6194-HBGQN,0,0.03746876620394218,3.746876620394218,Low,0
8024-XNAFQ,0,0.03732869791508322,3.732869791508322,Low,0
5696-CEIQJ,0,0.037158762712399346,3.7158762712399347,Low,0
2511-MORQY,0,0.036720417936735215,3.6720417936735217,Low,0
3985-HOYPM,0,0.03671028373395256,3.6710283733952562,Low,0
9746-UGFAC,0,0.03668958669648235,3.6689586696482346,Low,0
5469-NUJUR,0,0.036678839121291634,3.6678839121291635,Low,0
8779-YIQQA,0,0.036319045841377025,3.6319045841377027,Low,0
6698-OXETB,0,0.03622298335866812,3.6222983358668124,Low,0
8314-HTWVE,0,0.036133127317702005,3.6133127317702005,Low,0
5825-XJOCM,0,0.03607469854415021,3.6074698544150214,Low,0
8809-XKHMD,0,0.03596448431779759,3.596448431779759,Low,0
5495-GPSRW,0,0.035815146568676036,3.5815146568676037,Low,0
1936-UAFEH,0,0.035732002518542416,3.5732002518542414,Low,0
7690-KPNCU,0,0.03568434575046814,3.5684345750468136,Low,0
6848-YLDFR,0,0.035453325849202494,3.5453325849202493,Low,0
9108-EQPNQ,0,0.03484356845643882,3.484356845643882,Low,0
5574-NXZIU,0,0.03469298985055703,3.469298985055703,Low,0
5063-IUOKK,0,0.034381755458470276,3.4381755458470273,Low,0
0121-SNYRK,0,0.034275456136248425,3.4275456136248423,Low,0
5204-HMGYF,0,0.03395076028041032,3.395076028041032,Low,0
6461-PPAXN,0,0.03384309670251255,3.384309670251255,Low,0
2676-SSLTO,0,0.03372506685250977,3.372506685250977,Low,0
0181-RITDD,0,0.03342650069871811,3.342650069871811,Low,0
6061-GWWAV,0,0.03330508336171788,3.3305083361717878,Low,0
9720-JJJOR,0,0.03326244555414494,3.326244555414494,Low,0
7520-HQWJU,0,0.033213668940566134,3.3213668940566135,Low,0
4709-LKHYG,0,0.0329584786344352,3.29584786344352,Low,0
3926-YZVVX,0,0.03284473095160574,3.2844730951605743,Low,0
7337-CINUD,0,0.03282730372855329,3.2827303728553288,Low,0
7322-OCWHC,0,0.03257814347428362,3.2578143474283623,Low,0
6823-SIDFQ,0,0.03244647576611083,3.244647576611083,Low,0
8873-TMKGR,0,0.0321370322603637,3.21370322603637,Low,0
5057-RKGLH,0,0.03196298913941265,3.1962989139412654,Low,0
6519-ZHPXP,0,0.03186203322047943,3.1862033220479433,Low,0
9640-ZSLDC,0,0.031800745037460415,3.1800745037460416,Low,0
2335-GSODA,0,0.03149947433020073,3.1499474330200727,Low,0
2150-OEGBV,0,0.031352701423347944,3.1352701423347944,Low,0
7471-MQPOS,0,0.031285045732480414,3.1285045732480414,Low,0
5820-PTRYM,0,0.031281779615340934,3.128177961534093,Low,0
5245-VDBUR,0,0.031188106980211884,3.1188106980211883,Low,0
1494-EJZDW,0,0.030983605728820626,3.0983605728820627,Low,0
4648-YPBTM,0,0.03066590409411569,3.0665904094115692,Low,0
1063-DHQJF,0,0.030555245223422685,3.0555245223422687,Low,0
9530-GRMJG,0,0.03053277560308926,3.053277560308926,Low,0
1929-ZCBHE,0,0.030128522070720646,3.0128522070720645,Low,0
3831-YCPUO,0,0.030002274034769457,3.000227403476946,Low,0
7632-YUTXB,0,0.029679378781155254,2.9679378781155252,Low,0
2088-IEBAU,0,0.029436162430634415,2.9436162430634414,Low,0
5519-TEEUH,0,0.029219364270582228,2.9219364270582227,Low,0
7636-PEPNS,0,0.029170885288455437,2.917088528845544,Low,0
7581-EBBOU,0,0.029078814096047415,2.9078814096047414,Low,0
4227-OJHAL,0,0.02860159637913401,2.8601596379134007,Low,0
6064-ZATLR,0,0.028396395237144996,2.8396395237145,Low,0
1023-BQXZE,0,0.02815992704106861,2.8159927041068613,Low,0
3506-OVLKD,0,0.02809796331300029,2.8097963313000287,Low,0
3982-JGSFD,0,0.02802997883930354,2.802997883930354,Low,0
4877-TSOFF,0,0.027935717982664508,2.7935717982664507,Low,0
5917-RYRMG,0,0.027915269587627866,2.7915269587627867,Low,0
3055-VTCGS,0,0.02786279839622201,2.786279839622201,Low,0
1139-WUOAH,0,0.027815747306041298,2.7815747306041296,Low,0
3705-PSNGL,1,0.02781316112109866,2.7813161121098657,Low,0
8782-NUUOL,0,0.02759697447481181,2.759697447481181,Low,0
6013-BHCAW,0,0.027550872333774536,2.7550872333774534,Low,0
3812-LRZIR,0,0.027467180210058388,2.746718021005839,Low,0
4530-NDRKU,0,0.027195233074569933,2.7195233074569933,Low,0
0164-XAIRP,0,0.0271497316665104,2.7149731666510397,Low,0
2541-YGPKE,0,0.027101224266048992,2.710122426604899,Low,0
5318-YKDPV,0,0.02694154810233174,2.694154810233174,Low,0
3442-ZHHCC,0,0.026888729863803647,2.688872986380365,Low,0
2266-FUBDZ,0,0.02618918032589838,2.6189180325898382,Low,0
3865-ZFZIB,0,0.02602048055021732,2.602048055021732,Low,0
1776-SPBWV,0,0.025866639818485696,2.5866639818485697,Low,0
5170-PTRKA,0,0.02576710550277208,2.576710550277208,Low,0
1265-HVPZB,0,0.025274347670539436,2.5274347670539434,Low,0
4981-FLTMF,0,0.02520694227455142,2.520694227455142,Low,0
9919-FZDED,0,0.025186150798647968,2.5186150798647966,Low,0
0513-RBGPE,0,0.025184372511552238,2.5184372511552238,Low,0
4560-WQAQW,0,0.02515432012749947,2.515432012749947,Low,0
6322-HRPFA,0,0.025067119124718297,2.50671191247183,Low,0
8717-VCTXJ,0,0.024757681696996173,2.4757681696996174,Low,0
4702-HDRKD,0,0.024746248735054658,2.4746248735054657,Low,0
4962-CHQPW,0,0.024616396274169495,2.4616396274169494,Low,0
8869-TORSS,1,0.02445272246812037,2.4452722468120367,Low,0
1525-LNLOJ,0,0.024394407720607348,2.4394407720607347,Low,0
4703-MQYKT,0,0.023734808739572986,2.373480873957299,Low,0
9926-PJHDQ,0,0.02365708098458147,2.365708098458147,Low,0
9945-PSVIP,0,0.0234635328737205,2.3463532873720503,Low,0
0559-CKHUS,0,0.023311628936420595,2.3311628936420594,Low,0
6223-DHJGV,0,0.023202740883708745,2.3202740883708746,Low,0
9385-NXKDA,0,0.023088506895566126,2.3088506895566128,Low,0
4737-HOBAX,0,0.023052012796349813,2.3052012796349812,Low,0
5893-PYOLZ,0,0.022916576177979125,2.2916576177979127,Low,0
7061-OVMIM,0,0.0225412490343271,2.25412490343271,Low,0
6418-HNFED,0,0.022433002642261335,2.2433002642261335,Low,0
9824-QCJPK,0,0.022345171733875395,2.2345171733875393,Low,0
2892-GESUL,0,0.02208479057974066,2.208479057974066,Low,0
6872-HXFNF,0,0.022081858927534784,2.2081858927534785,Low,0
0979-MOZQI,0,0.021796215079483747,2.1796215079483745,Low,0
8390-FESFV,0,0.02115337843693084,2.115337843693084,Low,0
5313-FPXWG,0,0.021151991300381014,2.1151991300381012,Low,0
9548-LERKT,0,0.02103315144772391,2.103315144772391,Low,0
6203-HBZPA,0,0.020300395207516902,2.03003952075169,Low,0
1090-ESELR,0,0.020297005267996826,2.0297005267996826,Low,0
4039-PIMHX,0,0.019779226561476567,1.9779226561476566,Low,0
5380-XPJNZ,0,0.019266872953406698,1.9266872953406697,Low,0
0263-FJTQO,0,0.01881879960960674,1.881879960960674,Low,0
3649-JPUGY,0,0.018247367929029683,1.8247367929029683,Low,0
3978-YNKDD,0,0.01797094261065492,1.7970942610654919,Low,0
3489-VSFRD,0,0.01789987232435209,1.789987232435209,Low,0
8345-MVDYC,0,0.017862010059582815,1.7862010059582816,Low,0
5924-SNGKP,0,0.01779516286282133,1.7795162862821332,Low,0
6681-ZSEXG,0,0.017780212965006054,1.7780212965006055,Low,0
0707-HOVVN,0,0.0176274072913902,1.7627407291390202,Low,0
0057-QBUQH,0,0.01753544875798175,1.7535448757981749,Low,0
5696-JVVQY,0,0.01725729125725325,1.725729125725325,Low,0
9950-MTGYX,0,0.017234870094726944,1.7234870094726944,Low,0
2805-AUFQN,0,0.017219995185589244,1.7219995185589243,Low,0
2987-BJXIK,0,0.017157439532032238,1.7157439532032237,Low,0
9359-UGBTK,0,0.017148060017877796,1.7148060017877795,Low,0
0298-XACET,0,0.017091695751655357,1.7091695751655356,Low,0
6119-SPUDB,0,0.016851518067720353,1.6851518067720352,Low,0
5751-USDBL,0,0.0168441516874513,1.6844151687451299,Low,0
4751-ERMAN,0,0.01683874871196581,1.683874871196581,Low,0
6701-YVNQG,0,0.016767376545794084,1.6767376545794084,Low,0
5702-KVQRD,0,0.016611647432328618,1.6611647432328618,Low,0
6814-ZPWFQ,0,0.01650762486147744,1.650762486147744,Low,0
8173-RXAYP,0,0.016387924627545736,1.6387924627545736,Low,0
4335-UPJSI,0,0.016175539650216914,1.6175539650216915,Low,0
2812-REYAT,0,0.015807678756666346,1.5807678756666346,Low,0
8590-OHDIW,0,0.015780109250848474,1.5780109250848475,Low,0
1227-UDMZR,0,0.015594496349304822,1.5594496349304823,Low,0
2332-TODQS,0,0.015507221915073751,1.550722191507375,Low,0
4213-HKBJO,0,0.015450898471903191,1.5450898471903192,Low,0
0123-CRBRT,0,0.015280588659059407,1.5280588659059406,Low,0
1122-YJBCS,0,0.015245535631931874,1.5245535631931875,Low,0
9339-FIIJL,0,0.015194859518272714,1.5194859518272714,Low,0
0909-SELIE,0,0.015034965373620396,1.5034965373620395,Low,0
8626-PTQGE,0,0.014849942960322958,1.4849942960322957,Low,0
0230-UBYPQ,0,0.014632811507417865,1.4632811507417864,Low,0
5498-IBWPI,0,0.014579089824978792,1.4579089824978793,Low,0
7401-JIXNM,0,0.014064058191794215,1.4064058191794215,Low,0
6332-FBZRI,0,0.013921354377370361,1.392135437737036,Low,0
3251-YMVWZ,0,0.013852900494168763,1.3852900494168763,Low,0
9674-EHPPG,0,0.013850575776530672,1.3850575776530671,Low,0
1568-BEKZM,0,0.01376611551497423,1.376611551497423,Low,0
7216-KAOID,0,0.01370469517678762,1.370469517678762,Low,0
1088-AUUZZ,0,0.013660060927384485,1.3660060927384485,Low,0
9968-FFVVH,0,0.013544439584347607,1.3544439584347607,Low,0
9610-WCESF,0,0.013302979545955189,1.330297954595519,Low,0
6953-PBDIN,0,0.013267744486827352,1.3267744486827353,Low,0
4654-ULTTN,0,0.013110112786312609,1.3110112786312609,Low,0
5774-QPLTF,0,0.013009981909320054,1.3009981909320054,Low,0
0788-DXBFY,0,0.01280885256432512,1.280885256432512,Low,0
4955-VCWBI,0,0.012613693100035468,1.2613693100035468,Low,0
6685-GBWJZ,0,0.01259646991587346,1.259646991587346,Low,0
0625-AFOHS,0,0.012551795100153515,1.2551795100153516,Low,0
4121-AGSIN,0,0.012188657275443915,1.2188657275443915,Low,0
7205-BAIAD,0,0.012080733352319803,1.2080733352319803,Low,0
3508-VLHCZ,0,0.012049398273592457,1.2049398273592458,Low,0
7649-SIJJF,0,0.012034534275271085,1.2034534275271085,Low,0
5727-MYATE,0,0.011983244727781416,1.1983244727781415,Low,0
0301-FIDRB,0,0.01192426461566689,1.1924264615666889,Low,0
8181-YHCMF,0,0.011916501222574162,1.191650122257416,Low,0
4825-FUREZ,0,0.011835278168763102,1.1835278168763101,Low,0
3161-ONRWK,0,0.01178159382768833,1.178159382768833,Low,0
0420-TXVSG,0,0.011623427006056002,1.1623427006056002,Low,0
9073-ZZIAY,0,0.011607626105813664,1.1607626105813664,Low,0
8292-ITGYJ,0,0.011568837479416448,1.1568837479416447,Low,0
2824-DXNKN,0,0.011470655396384716,1.1470655396384717,Low,0
9067-SQTNS,0,0.0112588721441042,1.12588721441042,Low,0
8219-VYBVI,0,0.011181458840557369,1.1181458840557368,Low,0
0048-PIHNL,0,0.010626896146412884,1.0626896146412883,Low,0
5266-PFRQK,0,0.010615946251199741,1.0615946251199742,Low,0
2885-HIJDH,0,0.010577698988394392,1.0577698988394393,Low,0
0839-JTCUD,0,0.010556356587678041,1.0556356587678042,Low,0
8430-TWCBX,0,0.010518353133707761,1.051835313370776,Low,0
5329-KRDTM,0,0.010412395894942658,1.0412395894942659,Low,0
2990-IAJSV,0,0.010244842814752051,1.024484281475205,Low,0
3967-KXAPS,0,0.0102110449360644,1.02110449360644,Low,0
2649-HWLYB,0,0.010079883668649517,1.0079883668649516,Low,0
2925-VDZHY,0,0.0097827366651799,0.97827366651799,Low,0
5845-BZZIB,0,0.009681969682253676,0.9681969682253676,Low,0
6388-TABGU,0,0.009619666988608536,0.9619666988608536,Low,0
6374-AFWOX,0,0.009604055016505263,0.9604055016505263,Low,0
4674-HGNUA,0,0.009424321734734028,0.9424321734734028,Low,0
1459-QNFQT,0,0.009395434158944277,0.9395434158944277,Low,0
2263-SFSQZ,0,0.009316844592022084,0.9316844592022083,Low,0
4735-BJKOU,0,0.009223934700193748,0.9223934700193748,Low,0
7560-QJAVJ,0,0.009060540336803575,0.9060540336803575,Low,0
6169-PPETC,0,0.009000888932159647,0.9000888932159646,Low,0
7408-OFWXJ,0,0.008911210196857632,0.8911210196857632,Low,0
1716-LSAMB,0,0.008905276130897933,0.8905276130897933,Low,0
0379-DJQHR,0,0.008894074793628411,0.8894074793628411,Low,0
3487-EARAT,0,0.008849794842561322,0.8849794842561323,Low,0
6288-CHQJB,0,0.008774509756278226,0.8774509756278226,Low,0
5181-OABFK,0,0.008709475005152583,0.8709475005152583,Low,0
1047-RNXZV,0,0.008544727922329078,0.8544727922329078,Low,0
8580-QVLOC,1,0.008501151976255204,0.8501151976255203,Low,0
5296-BFCYD,0,0.008426744692569738,0.8426744692569738,Low,0
0608-JDVEC,0,0.008383705796625998,0.8383705796625998,Low,0
9588-YRFHY,0,0.008264791113467833,0.8264791113467833,Low,0
5803-NQJZO,0,0.008185638165086585,0.8185638165086585,Low,0
4779-ZGICK,0,0.008178902148326719,0.8178902148326719,Low,0
4521-WFJAI,0,0.00808338096492513,0.8083380964925131,Low,0
0732-OCQOC,0,0.008072883200112218,0.8072883200112217,Low,0
6080-LNESI,0,0.008035274236633796,0.8035274236633796,Low,0
4012-YCFAI,0,0.007972270094879252,0.7972270094879252,Low,0
4940-KHCWD,0,0.007789143507338428,0.7789143507338429,Low,0
6292-TOSSS,0,0.007718824397245088,0.7718824397245089,Low,0
7998-WNZEM,0,0.007576290417962141,0.757629041796214,Low,0
6164-HAQTX,0,0.0071393687541144845,0.7139368754114485,Low,0
0769-MURVM,0,0.007098723007471099,0.7098723007471098,Low,0
2954-PIBKO,0,0.006955100660206591,0.6955100660206591,Low,0
9755-JHNMN,0,0.006941286728520363,0.6941286728520363,Low,0
3470-OBUET,0,0.006822547418620732,0.6822547418620731,Low,0
6096-EGVTU,0,0.006801597393268192,0.6801597393268192,Low,0
8241-JUIQO,0,0.006604678835698921,0.6604678835698921,Low,0
0052-YNYOT,0,0.006582327097215533,0.6582327097215533,Low,0
3948-KXDUF,0,0.006529653877068668,0.6529653877068669,Low,0
0562-FGDCR,0,0.0064406415672876105,0.644064156728761,Low,0
5457-COLHT,0,0.00643019679069186,0.643019679069186,Low,0
4018-PPNDW,0,0.006184527123289451,0.6184527123289452,Low,0
8338-QIUNR,0,0.005996285420100076,0.5996285420100076,Low,0
8532-UEFWH,0,0.005991670012987733,0.5991670012987732,Low,0
3580-GICBM,0,0.005981783287198571,0.5981783287198571,Low,0
4299-OPXEJ,0,0.005961374057406344,0.5961374057406343,Low,0
3913-FCUUW,0,0.005876171771408255,0.5876171771408255,Low,0
4698-KVLLG,0,0.005848712263888395,0.5848712263888395,Low,0
6365-HITVU,0,0.005764639737199039,0.5764639737199039,Low,0
5324-KTGCG,0,0.005747480494946573,0.5747480494946573,Low,0
5666-MBJPT,0,0.005717994711563417,0.5717994711563418,Low,0
3400-ESFUW,1,0.005708614947749491,0.5708614947749491,Low,0
3200-MNQTF,0,0.005666990829622746,0.5666990829622746,Low,0
9114-DPSIA,0,0.005621280514487831,0.5621280514487831,Low,0
6283-GITPX,0,0.005618816586244125,0.5618816586244125,Low,0
1709-EJDOX,0,0.00554905056780645,0.5549050567806451,Low,0
8701-DGLVH,0,0.005517610049803633,0.5517610049803633,Low,0
6248-BSHKG,0,0.005424295416171106,0.5424295416171107,Low,0
3071-MVJCD,0,0.005380582690253971,0.5380582690253971,Low,0
8028-PNXHQ,0,0.005355814976902151,0.5355814976902151,Low,0
0463-TXOAK,0,0.005344547878792355,0.5344547878792355,Low,0
3795-GWTRD,0,0.005259819494271853,0.5259819494271853,Low,0
2230-XTUWL,0,0.005247223182062076,0.5247223182062076,Low,0
4742-TXUEX,0,0.00523537368238239,0.523537368238239,Low,0
3088-FVYWK,0,0.005199366387656179,0.5199366387656179,Low,0
3884-UEBXB,0,0.005181579680839021,0.5181579680839021,Low,0
9372-TXXPS,0,0.005149982632579341,0.5149982632579342,Low,0
1697-LYYYX,0,0.005114298511723067,0.5114298511723068,Low,0
4785-FCIFB,0,0.005080122343779258,0.5080122343779258,Low,0
3511-BFTJW,0,0.004901991370326455,0.4901991370326455,Low,0
4302-ZYFEL,0,0.004821188776699566,0.48211887766995665,Low,0
1085-LDWAM,0,0.004818841938082802,0.48188419380828024,Low,0
6134-KWTBV,0,0.00480956648290812,0.480956648290812,Low,0
9814-AOUDH,0,0.004793362734235742,0.4793362734235742,Low,0
1705-GUHPV,0,0.004769902089883364,0.47699020898833644,Low,0
1862-QRWPE,0,0.004739277034861968,0.47392770348619684,Low,0
2632-TACXW,0,0.0047051708857940395,0.47051708857940394,Low,0
3429-IFLEM,0,0.004647750609010036,0.4647750609010036,Low,0
6370-ZVHDV,0,0.0046063857394678985,0.46063857394678986,Low,0
6349-JDHQP,0,0.0045738093429025855,0.45738093429025856,Low,0
1574-DYCWE,0,0.004527283094345956,0.45272830943459563,Low,0
5334-AFQJB,0,0.00452501413476944,0.45250141347694406,Low,0
8207-VVMYB,0,0.004437441671850624,0.4437441671850624,Low,0
3967-VQOGC,0,0.004420252843237962,0.4420252843237962,Low,0
3970-XGJDU,0,0.004378345266322865,0.4378345266322865,Low,0
6340-DACFT,0,0.004193878361010794,0.4193878361010794,Low,0
6917-FIJHC,0,0.004054276131295425,0.4054276131295425,Low,0
3646-ITDGM,0,0.004054249179898757,0.4054249179898757,Low,0
1926-QUZNN,0,0.004024560503963719,0.4024560503963719,Low,0
1767-CJKBA,0,0.004009898220234507,0.40098982202345074,Low,0
6625-FLENO,0,0.003964032455210233,0.39640324552102335,Low,0
3027-YNWZU,0,0.003934870396023269,0.3934870396023269,Low,0
3454-JFUBC,0,0.0038389823544178244,0.3838982354417824,Low,0
7167-PCEYD,0,0.0038376636612168133,0.38376636612168136,Low,0
2075-PUEPR,0,0.003746500006930964,0.3746500006930964,Low,0
8590-YFFQO,0,0.0037371571866790057,0.37371571866790054,Low,0
3563-SVYLG,0,0.0037165987084048645,0.37165987084048646,Low,0
3836-FZSDJ,0,0.0036192701523891277,0.3619270152389128,Low,0
0040-HALCW,0,0.0035310097022450042,0.35310097022450043,Low,0
8129-GMVGI,0,0.003510187439673351,0.35101874396733507,Low,0
9135-HSWOC,0,0.003397292402239717,0.33972924022397166,Low,0
8735-SDUFN,0,0.003371499879297513,0.33714998792975126,Low,0
2525-GVKQU,0,0.003364609710694002,0.3364609710694002,Low,0
1820-DJFPH,0,0.003363294886872253,0.3363294886872253,Low,0
7729-XBTWX,0,0.003337756838502553,0.3337756838502553,Low,0
7114-AEOZE,0,0.0033146765470021466,0.33146765470021466,Low,0
9286-BHDQG,0,0.003298496010150423,0.3298496010150423,Low,0
2696-RZVZW,0,0.0032892951419216843,0.3289295141921684,Low,0
9430-NKQLY,0,0.003193115886113539,0.3193115886113539,Low,0
8711-LOBKY,0,0.0031872365957493105,0.31872365957493104,Low,0
2616-FLVQC,0,0.0031033560476590675,0.31033560476590677,Low,0
4312-KFRXN,0,0.00293749460150287,0.293749460150287,Low,0
8619-IJNDK,0,0.0029103712727089576,0.29103712727089576,Low,0
7717-BICXI,0,0.0028994241603343984,0.28994241603343984,Low,0
2346-LOCWC,0,0.0028460409313104044,0.28460409313104046,Low,0
2169-RRLFW,0,0.002823413588176164,0.2823413588176164,Low,0
8347-GDTMP,0,0.002809369035152121,0.2809369035152121,Low,0
6848-HJTXY,0,0.0027973096260017908,0.2797309626001791,Low,0
7157-SMCFK,0,0.0027808068400044395,0.27808068400044395,Low,0
7606-BPHHN,0,0.002775603583346995,0.2775603583346995,Low,0
1945-XISKS,0,0.002689770655484016,0.2689770655484016,Low,0
1830-IPXVJ,0,0.0026314642590687886,0.26314642590687887,Low,0
9365-CSLBQ,0,0.002555947807549342,0.2555947807549342,Low,0
0962-CQPWQ,0,0.0024634490453731687,0.24634490453731686,Low,0
6345-FZOQH,0,0.0024553629859365954,0.24553629859365955,Low,0
7515-LODFU,0,0.0024438143413740847,0.24438143413740848,Low,0
0397-ZXWQF,0,0.002426551048010149,0.2426551048010149,Low,0
1555-HAPSU,0,0.0023817887871845985,0.23817887871845986,Low,0
8165-ZJRNM,0,0.0023535689878795892,0.23535689878795893,Low,0
2236-HILPA,0,0.002352705879091236,0.2352705879091236,Low,0
0174-QRVVY,0,0.002321671758556765,0.2321671758556765,Low,0
0480-KYJVA,0,0.0022762821732008032,0.22762821732008032,Low,0
0402-OAMEN,0,0.0022643089905418283,0.22643089905418282,Low,0
8224-KDLKN,0,0.0022527786334622817,0.22527786334622818,Low,0
7602-DBTOU,0,0.0022306407130311665,0.22306407130311665,Low,0
4821-WQOYN,0,0.0020902406202478255,0.20902406202478255,Low,0
3910-MRQOY,0,0.0020331240959738776,0.20331240959738775,Low,0
1927-QEWMY,0,0.0018430919992830667,0.18430919992830666,Low,0
9537-JALFH,0,0.0018177184052643178,0.18177184052643178,Low,0
2984-RGEYA,0,0.0018013319825144344,0.18013319825144344,Low,0
1403-GYAFU,0,0.0016633184272709148,0.16633184272709148,Low,0
3642-BYHDO,0,0.001610544031268919,0.1610544031268919,Low,0
1166-PQLGG,0,0.0015929925821919545,0.15929925821919544,Low,0
4086-WITJG,0,0.0015907377608163759,0.15907377608163759,Low,0
4277-BWBML,0,0.0015332141696331153,0.15332141696331153,Low,0
0794-YVSGE,0,0.0015281072155679631,0.15281072155679631,Low,0
