mean_fit_time,std_fit_time,mean_score_time,std_score_time,param_classifier__class_weight,param_classifier__max_depth,param_classifier__min_samples_leaf,param_classifier__n_estimators,params,split0_test_score,split1_test_score,split2_test_score,split3_test_score,split4_test_score,mean_test_score,std_test_score,rank_test_score
1.1054003238677979,0.2695488805732575,0.8443227767944336,0.31826147911921104,,,1,200,"{'classifier__class_weight': None, 'classifier__max_depth': None, 'classifier__min_samples_leaf': 1, 'classifier__n_estimators': 200}",0.8150053317822693,0.8034430387927551,0.825961740422988,0.815092175205597,0.8415253586117367,0.8202055289630692,0.012820597651417293,48
2.806486940383911,0.2173411391022665,0.34441366195678713,0.13122267739947305,,,1,400,"{'classifier__class_weight': None, 'classifier__max_depth': None, 'classifier__min_samples_leaf': 1, 'classifier__n_estimators': 400}",0.8167543179357925,0.8066279708529236,0.8258082497212932,0.8141934467548835,0.8419055052512809,0.8210578981032348,0.012091756359728836,47
1.609697198867798,0.24623883231280505,0.498214864730835,0.19445628399106019,,,2,200,"{'classifier__class_weight': None, 'classifier__max_depth': None, 'classifier__min_samples_leaf': 2, 'classifier__n_estimators': 200}",0.8298030471943516,0.8218154718627309,0.8365828930573733,0.8364213238976944,0.8529762650997077,0.8355198002223716,0.010268017903168048,40
2.2943737506866455,0.34421833298802224,0.3557881832122803,0.10456145534909762,,,2,400,"{'classifier__class_weight': None, 'classifier__max_depth': None, 'classifier__min_samples_leaf': 2, 'classifier__n_estimators': 400}",0.8311561889066614,0.823960302457467,0.8374775822790946,0.83594065564765,0.8546990573172162,0.8366467573216179,0.01018004777350755,39
1.8712846755981445,0.19628233596052663,0.22137012481689453,0.056419822753540926,,,4,200,"{'classifier__class_weight': None, 'classifier__max_depth': None, 'classifier__min_samples_leaf': 4, 'classifier__n_estimators': 200}",0.8397678251175414,0.8289325933465821,0.8425872069539366,0.8463194545425168,0.8602192718169797,0.8435652703555114,0.01014331040651982,26
2.3011951446533203,0.21281144006874897,0.3323826789855957,0.14189198012264762,,,4,400,"{'classifier__class_weight': None, 'classifier__max_depth': None, 'classifier__min_samples_leaf': 4, 'classifier__n_estimators': 400}",0.8395133536910475,0.8299141259916306,0.8437383872166481,0.8467577108881457,0.859911919214795,0.8439670994004536,0.00979182325333964,20
1.5384457588195801,0.25980051969177353,0.2668018341064453,0.07926317228177636,,6,1,200,"{'classifier__class_weight': None, 'classifier__max_depth': 6, 'classifier__min_samples_leaf': 1, 'classifier__n_estimators': 200}",0.8422842647795388,0.8345350039584444,0.842835619536943,0.8606566978495145,0.8577220319242296,0.847606723609734,0.00994568395506991,1
2.025420570373535,0.21150370262390236,0.3796524524688721,0.12652266846545587,,6,1,400,"{'classifier__class_weight': None, 'classifier__max_depth': 6, 'classifier__min_samples_leaf': 1, 'classifier__n_estimators': 400}",0.841872263422358,0.8343895917147335,0.8419490087732054,0.8608041297077215,0.8581102667901469,0.847425052081633,0.010236378956245205,4
1.383427667617798,0.2711120000050931,0.29993429183959963,0.09091315222447688,,6,2,200,"{'classifier__class_weight': None, 'classifier__max_depth': 6, 'classifier__min_samples_leaf': 2, 'classifier__n_estimators': 200}",0.842286284394035,0.8345148078134845,0.8434798765611621,0.8600790881036627,0.8568747902116285,0.8474469694167948,0.009571473521063504,3
2.0174450397491457,0.28243528091747433,0.325822639465332,0.06186379627384226,,6,2,400,"{'classifier__class_weight': None, 'classifier__max_depth': 6, 'classifier__min_samples_leaf': 2, 'classifier__n_estimators': 400}",0.841621831224856,0.8342764933029583,0.8425407558205289,0.8605173444492916,0.8579464802060881,0.8473805810007444,0.010124396288847856,5
1.353635883331299,0.3336090126231703,0.3359375953674316,0.12641059325452209,,6,4,200,"{'classifier__class_weight': None, 'classifier__max_depth': 6, 'classifier__min_samples_leaf': 4, 'classifier__n_estimators': 200}",0.8412037710241869,0.8354155558786939,0.8434455431147304,0.8598710678105764,0.8577685392258757,0.8475408954108128,0.009597841050001294,2
2.2008200168609617,0.42596277532838267,0.4326821804046631,0.17592825495667946,,6,4,400,"{'classifier__class_weight': None, 'classifier__max_depth': 6, 'classifier__min_samples_leaf': 4, 'classifier__n_estimators': 400}",0.8408220638844458,0.8346238669962677,0.8427770507165593,0.860588030956651,0.8574045690390784,0.8472431163186004,0.01001761426558699,6
1.3886913299560546,0.26012004871425776,0.3601810455322266,0.22647744951230522,,10,1,200,"{'classifier__class_weight': None, 'classifier__max_depth': 10, 'classifier__min_samples_leaf': 1, 'classifier__n_estimators': 200}",0.8343956505582214,0.8298414198697752,0.8417187727206632,0.8474039875268609,0.8583670679774984,0.8423453797306039,0.010022213823077015,32
2.3825224876403808,0.4148140076148263,0.3893584251403809,0.1214678829546567,,10,1,400,"{'classifier__class_weight': None, 'classifier__max_depth': 10, 'classifier__min_samples_leaf': 1, 'classifier__n_estimators': 400}",0.8350702017998805,0.8307098541030488,0.842284264779539,0.8467819462620976,0.8575825100192904,0.8424857553927712,0.009381600513564356,31
1.4553116798400878,0.2903422675755782,0.4363439083099365,0.1585649177020146,,10,2,200,"{'classifier__class_weight': None, 'classifier__max_depth': 10, 'classifier__min_samples_leaf': 2, 'classifier__n_estimators': 200}",0.8380087408915388,0.8336786874121467,0.8427810899455511,0.8474463994312765,0.8591314053697734,0.8442092646100573,0.008769590185190341,18
2.470598268508911,0.4970536247765295,0.4760702610015869,0.17374199523446032,,10,2,400,"{'classifier__class_weight': None, 'classifier__max_depth': 10, 'classifier__min_samples_leaf': 2, 'classifier__n_estimators': 400}",0.8373160131194157,0.8327092724540739,0.844558350702018,0.8481613429628553,0.8579747889983945,0.8441439536473515,0.008774689215964587,19
1.4289796352386475,0.2164188119999381,0.41701407432556153,0.2170647069797171,,10,4,200,"{'classifier__class_weight': None, 'classifier__max_depth': 10, 'classifier__min_samples_leaf': 4, 'classifier__n_estimators': 200}",0.8415168112710645,0.8344057486307015,0.8458307078344884,0.8500819963485371,0.8581405976390467,0.8459951723447675,0.007982618549354089,14
2.666873741149902,0.39869510035588046,0.6027288913726807,0.2305659966215924,,10,4,400,"{'classifier__class_weight': None, 'classifier__max_depth': 10, 'classifier__min_samples_leaf': 4, 'classifier__n_estimators': 400}",0.8410644176239639,0.8334605690465804,0.8458428255214645,0.8512412550692324,0.8594306697455849,0.8462079474013653,0.008823371688305675,11
1.574812936782837,0.0516745063194018,0.3494397163391113,0.0363456290368496,,15,1,200,"{'classifier__class_weight': None, 'classifier__max_depth': 15, 'classifier__min_samples_leaf': 1, 'classifier__n_estimators': 200}",0.8198726027175932,0.8160494724766936,0.829742458759472,0.8217468049698673,0.8457777436274886,0.8266378165102231,0.010561995592408845,44
2.7532400608062746,0.1932550566694373,0.5041254997253418,0.10091456092665206,,15,1,400,"{'classifier__class_weight': None, 'classifier__max_depth': 15, 'classifier__min_samples_leaf': 1, 'classifier__n_estimators': 400}",0.8201957410369508,0.8158212560386473,0.8290093386974293,0.8236028306916776,0.8458667141175946,0.8268991761164599,0.010418661451623169,43
1.3919316291809083,0.11475718285367294,0.46430397033691406,0.10960545969262747,,15,2,200,"{'classifier__class_weight': None, 'classifier__max_depth': 15, 'classifier__min_samples_leaf': 2, 'classifier__n_estimators': 200}",0.8310875220137981,0.8261010938232111,0.8388024493884608,0.8352014767421195,0.8529439121942145,0.8368272908323607,0.009102595841503223,38
2.7761218547821045,0.3197466568863318,0.6616253852844238,0.37849618344867497,,15,2,400,"{'classifier__class_weight': None, 'classifier__max_depth': 15, 'classifier__min_samples_leaf': 2, 'classifier__n_estimators': 400}",0.8317115828930575,0.8277410207939508,0.8396466482477825,0.8365990499733411,0.8541531020370198,0.8379702807890302,0.009059616379858764,34
1.837428379058838,0.16679644770913257,0.30439052581787107,0.10039112598812386,,15,4,200,"{'classifier__class_weight': None, 'classifier__max_depth': 15, 'classifier__min_samples_leaf': 4, 'classifier__n_estimators': 200}",0.8396506874767745,0.8295303992373936,0.8434677588741861,0.8464749648587078,0.8586097147686969,0.8435467050431518,0.00945633101530304,27
2.6278164386749268,0.24296837065487512,0.4356849193572998,0.12885555471528942,,15,4,400,"{'classifier__class_weight': None, 'classifier__max_depth': 15, 'classifier__min_samples_leaf': 4, 'classifier__n_estimators': 400}",0.8397355112856058,0.8306573441261532,0.8434879550191459,0.8468829269868967,0.8590343466532941,0.8439596168142192,0.009282340363510022,21
1.7051307678222656,0.3553360528394747,0.5266331195831299,0.20583283898408647,balanced,,1,200,"{'classifier__class_weight': 'balanced', 'classifier__max_depth': None, 'classifier__min_samples_leaf': 1, 'classifier__n_estimators': 200}",0.8160050409577818,0.8085021731051976,0.8274199020890893,0.8205552324172362,0.8391878611898589,0.8223340419518328,0.010435115801728142,46
2.4408606052398683,0.38954233271856564,0.6864889621734619,0.2902316741267799,balanced,,1,400,"{'classifier__class_weight': 'balanced', 'classifier__max_depth': None, 'classifier__min_samples_leaf': 1, 'classifier__n_estimators': 400}",0.8158010598936876,0.8093120385180876,0.8293223789443072,0.8201311133730794,0.840692271295289,0.8230517724048901,0.010958020586353168,45
1.8900537967681885,0.5948423128893444,0.5021330356597901,0.2996760185514929,balanced,,2,200,"{'classifier__class_weight': 'balanced', 'classifier__max_depth': None, 'classifier__min_samples_leaf': 2, 'classifier__n_estimators': 200}",0.8331596464866785,0.8252730518798571,0.83810366277285,0.836889874460763,0.8531582501931065,0.8373168971586511,0.00910040391111947,37
2.9601299285888674,0.6500627629022758,0.5087021827697754,0.314897374771158,balanced,,2,400,"{'classifier__class_weight': 'balanced', 'classifier__max_depth': None, 'classifier__min_samples_leaf': 2, 'classifier__n_estimators': 400}",0.8315116410579548,0.8263474867917212,0.8387337824955973,0.8384207422487195,0.8532714853623323,0.837657027591265,0.009068907777971888,36
1.698040819168091,0.3504126828759796,0.42487587928771975,0.28065263258043016,balanced,,4,200,"{'classifier__class_weight': 'balanced', 'classifier__max_depth': None, 'classifier__min_samples_leaf': 4, 'classifier__n_estimators': 200}",0.8373927584702632,0.8308067955988562,0.84349603347713,0.8480946956844878,0.8562762614600058,0.8432133089381486,0.008744701016133321,28
2.7840529441833497,0.5372598772682894,0.41466641426086426,0.14134114331615272,balanced,,4,400,"{'classifier__class_weight': 'balanced', 'classifier__max_depth': None, 'classifier__min_samples_leaf': 4, 'classifier__n_estimators': 400}",0.8376835829576851,0.8314773076115232,0.8437424264456399,0.848062381852552,0.8572225839456794,0.8436376565626158,0.008803005188322608,25
1.3927131175994873,0.23280731434948113,0.37157473564147947,0.11393430376894245,balanced,6,1,200,"{'classifier__class_weight': 'balanced', 'classifier__max_depth': 6, 'classifier__min_samples_leaf': 1, 'classifier__n_estimators': 200}",0.8404019840692809,0.8323255456998369,0.8414360266912252,0.8608041297077215,0.8559021809902415,0.8461739734316612,0.01054725031582133,12
2.37449688911438,0.28758920980916763,0.3981513977050781,0.15134312056709168,balanced,6,1,400,"{'classifier__class_weight': 'balanced', 'classifier__max_depth': 6, 'classifier__min_samples_leaf': 1, 'classifier__n_estimators': 400}",0.8412744575315464,0.8334363336726285,0.8411048099138837,0.861391837526053,0.8550306745985207,0.8464476226485264,0.010213709073018563,7
1.4671337127685546,0.3591098715765049,0.42912445068359373,0.20199116092133834,balanced,6,2,200,"{'classifier__class_weight': 'balanced', 'classifier__max_depth': 6, 'classifier__min_samples_leaf': 2, 'classifier__n_estimators': 200}",0.8402202187646421,0.83216801576915,0.8418076357584865,0.8617149758454105,0.8549295717688548,0.8461680835813088,0.010666414900706168,13
1.9934446334838867,0.18330756389061828,0.3426696300506592,0.08206872647080182,balanced,6,2,400,"{'classifier__class_weight': 'balanced', 'classifier__max_depth': 6, 'classifier__min_samples_leaf': 2, 'classifier__n_estimators': 400}",0.841173476806747,0.832689076309114,0.8415693212479602,0.8618422115586577,0.8549214835424814,0.8464391138929921,0.010485336050468919,8
1.5359520435333252,0.3194748753833844,0.2970890522003174,0.20343508569403274,balanced,6,4,200,"{'classifier__class_weight': 'balanced', 'classifier__max_depth': 6, 'classifier__min_samples_leaf': 4, 'classifier__n_estimators': 200}",0.8404383371302087,0.833379784466741,0.8410038291890843,0.8610646599777034,0.8554856373320177,0.846274449619151,0.010312209652893013,10
2.510898542404175,0.4601620921188091,0.35546236038208007,0.04778889880829839,balanced,6,4,400,"{'classifier__class_weight': 'balanced', 'classifier__max_depth': 6, 'classifier__min_samples_leaf': 4, 'classifier__n_estimators': 400}",0.8412744575315463,0.8332707252839577,0.8410805745399318,0.8614241513579888,0.8550023658062141,0.8464104549039277,0.010263241226406487,9
1.3185399532318116,0.26168492807679855,0.26953349113464353,0.08139608945014007,balanced,10,1,200,"{'classifier__class_weight': 'balanced', 'classifier__max_depth': 10, 'classifier__min_samples_leaf': 1, 'classifier__n_estimators': 200}",0.8369767178840903,0.8312793853909167,0.8406604947247669,0.8481108526004555,0.8566604522127366,0.8427375805625932,0.00884884702489239,30
2.633732557296753,0.1341777645168883,0.3563687324523926,0.13267078389760897,balanced,10,1,400,"{'classifier__class_weight': 'balanced', 'classifier__max_depth': 10, 'classifier__min_samples_leaf': 1, 'classifier__n_estimators': 400}",0.8379138190102273,0.8319216228006399,0.8413673597983616,0.849132777535424,0.8555038358413575,0.843167882997202,0.008307600616338067,29
1.5828502655029297,0.25315588763563834,0.41805200576782225,0.14449618081972343,balanced,10,2,200,"{'classifier__class_weight': 'balanced', 'classifier__max_depth': 10, 'classifier__min_samples_leaf': 2, 'classifier__n_estimators': 200}",0.838362173428336,0.8314449937795872,0.8418399495904222,0.8508918617614272,0.8570405988522805,0.8439159154824105,0.009073022796763053,23
2.5263736724853514,0.29965180406442554,0.3630053997039795,0.07904744891643646,balanced,10,2,400,"{'classifier__class_weight': 'balanced', 'classifier__max_depth': 10, 'classifier__min_samples_leaf': 2, 'classifier__n_estimators': 400}",0.8383985264892637,0.8324224871956442,0.8418076357584864,0.8519481201428271,0.8567696432687758,0.8442692825709994,0.008900512420027911,17
1.7080943584442139,0.42485211035989046,0.33434157371520995,0.1573735510153851,balanced,10,4,200,"{'classifier__class_weight': 'balanced', 'classifier__max_depth': 10, 'classifier__min_samples_leaf': 4, 'classifier__n_estimators': 200}",0.840123277268835,0.8321114665632625,0.8440049763301181,0.8539111854329244,0.8566523639863632,0.8453606539163007,0.009004701515365539,16
2.622356986999512,0.36163501079641425,0.5024003028869629,0.12766275950770917,balanced,10,4,400,"{'classifier__class_weight': 'balanced', 'classifier__max_depth': 10, 'classifier__min_samples_leaf': 4, 'classifier__n_estimators': 400}",0.8411411629748113,0.8318125636178567,0.8439080348343109,0.8540404407606675,0.8577483186599427,0.8457301041695178,0.009290591227192896,15
1.8552750587463378,0.3595520292534076,0.34655089378356935,0.09584587478328893,balanced,15,1,200,"{'classifier__class_weight': 'balanced', 'classifier__max_depth': 15, 'classifier__min_samples_leaf': 1, 'classifier__n_estimators': 200}",0.8216155300276283,0.8174753203108591,0.8282822774788748,0.8269432730680369,0.8448799505000546,0.8278392702770908,0.009354466852109822,42
2.9337172985076903,0.3498380935049,0.5686169624328613,0.27521752452234344,balanced,15,1,400,"{'classifier__class_weight': 'balanced', 'classifier__max_depth': 15, 'classifier__min_samples_leaf': 1, 'classifier__n_estimators': 400}",0.8215044512303491,0.8181377538655422,0.8319680739340476,0.8268685473316854,0.8462003534554926,0.8289358359634234,0.009832148998819373,41
1.814966869354248,0.39867165100477536,0.5447908878326416,0.31071613167614826,balanced,15,2,200,"{'classifier__class_weight': 'balanced', 'classifier__max_depth': 15, 'classifier__min_samples_leaf': 2, 'classifier__n_estimators': 200}",0.8306310891377054,0.827732942335967,0.8390124892960432,0.8394063141227603,0.8530652355898138,0.837969614096458,0.008828056198511913,35
2.719598960876465,0.4449852294543429,0.5086494445800781,0.2974093259794261,balanced,15,2,400,"{'classifier__class_weight': 'balanced', 'classifier__max_depth': 15, 'classifier__min_samples_leaf': 2, 'classifier__n_estimators': 400}",0.8323841145202203,0.829211300147028,0.8402040618486744,0.8394749810156237,0.8527781035535622,0.8388105122170216,0.008135361907462535,33
1.6691958904266357,0.3029571430698856,0.3878070831298828,0.1424439636224083,balanced,15,4,200,"{'classifier__class_weight': 'balanced', 'classifier__max_depth': 15, 'classifier__min_samples_leaf': 4, 'classifier__n_estimators': 200}",0.8384146834052316,0.8301605189601409,0.8437747402775759,0.8489348553148175,0.8570042018336008,0.8436577999582735,0.009117612591280492,24
2.248079299926758,0.6496827408004381,0.15329594612121583,0.05864444176313013,balanced,15,4,400,"{'classifier__class_weight': 'balanced', 'classifier__max_depth': 15, 'classifier__min_samples_leaf': 4, 'classifier__n_estimators': 400}",0.8385722133359185,0.8316631121451536,0.8435687395989855,0.8485268931866286,0.8572508927379858,0.8439163702009346,0.008693556304615628,22
